player_id,season,speed_max_mph,speed_pctl,bursts20,bursts_pctl,oz_pct
8470600,20232024,21.561,0.4427,24,0.5191,0.42178378
8470600,20242025,21.137,0.2642,18,0.4654,0.40195707
8470600,20252026,,,,,
8470604,20232024,22.83,0.8109,103,0.7451,0.39447305
8470604,20242025,,,,,
8470604,20252026,,,,,
8470610,20232024,21.927,0.3668,28,0.3125,0.39728726
8470610,20242025,,,,,
8470610,20252026,,,,,
8470613,20232024,21.846,0.5446,35,0.6529,0.48462895
8470613,20242025,21.718,0.5377,28,0.6132,0.46133881
8470613,20252026,22.1519,0.6914,30,0.6173,0.42471006
8470621,20232024,20.55,0.0576,6,0.1283,0.4319406
8470621,20242025,21.062,0.0917,23,0.2783,0.45373834
8470621,20252026,20.8069,0.0651,3,0.0619,0.44320175
8470794,20232024,20.866,0.0839,13,0.1941,0.44896955
8470794,20242025,,,,,
8470794,20252026,,,,,
8470966,20232024,21.24,0.2994,15,0.4108,0.41854467
8470966,20242025,,,,,
8470966,20252026,,,,,
8471214,20232024,21.689,0.2566,14,0.2056,0.42884168
8471214,20242025,21.985,0.3767,16,0.225,0.43909959
8471214,20252026,21.6364,0.2508,12,0.1922,0.44563147
8471215,20232024,21.331,0.1628,48,0.4622,0.45395172
8471215,20242025,22.01,0.3867,48,0.425,0.44782544
8471215,20252026,21.5059,0.1954,37,0.3713,0.44911292
8471218,20232024,22.363,0.5905,71,0.5773,0.42078722
8471218,20242025,,,,,
8471218,20252026,,,,,
8471274,20232024,21.514,0.4204,10,0.3153,0.43037857
8471274,20242025,,,,,
8471274,20252026,,,,,
8471675,20232024,22.883,0.8257,189,0.9408,0.46833564
8471675,20242025,22.544,0.6467,159,0.875,0.45881734
8471675,20252026,22.8595,0.8078,138,0.8306,0.46189913
8471677,20232024,21.675,0.4777,19,0.4777,0.4168765
8471677,20242025,21.701,0.5252,13,0.3868,0.37670081
8471677,20252026,,,,,
8471685,20232024,21.453,0.1908,51,0.4836,0.4344646
8471685,20242025,21.475,0.1883,60,0.5,0.42285505
8471685,20252026,21.3346,0.1661,57,0.4756,0.4313575
8471686,20232024,21.816,0.5287,9,0.3057,0.41853331
8471686,20242025,,,,,
8471686,20252026,,,,,
8471698,20232024,22.502,0.6727,73,0.5872,0.41481441
8471698,20242025,,,,,
8471698,20252026,,,,,
8471699,20232024,22.474,0.6579,136,0.8355,0.38464599
8471699,20242025,,,,,
8471699,20252026,,,,,
8471709,20232024,21.808,0.5255,15,0.4108,0.41917526
8471709,20242025,20.571,0.1415,7,0.2642,0.40363324
8471709,20252026,,,,,
8471724,20232024,22.382,0.7771,45,0.7643,0.42298749
8471724,20242025,22.108,0.6541,35,0.695,0.42617227
8471724,20252026,22.1309,0.679,52,0.8025,0.42912581
8471817,20232024,22.317,0.5674,18,0.2368,0.42212332
8471817,20242025,21.901,0.3483,14,0.2067,0.41173046
8471817,20252026,21.5474,0.2134,22,0.2622,0.41370036
8473419,20232024,21.966,0.3914,90,0.6776,0.43996676
8473419,20242025,22.452,0.5967,82,0.6033,0.45028229
8473419,20252026,22.4051,0.5863,104,0.7215,0.45975224
8473422,20232024,21.501,0.2072,28,0.3125,0.42234505
8473422,20242025,21.254,0.1333,15,0.215,0.40281105
8473422,20252026,21.2999,0.1547,15,0.2248,0.4186483
8473446,20232024,21.215,0.293,11,0.3408,0.38063995
8473446,20242025,20.922,0.217,14,0.3994,0.39619726
8473446,20252026,,,,,
8473449,20232024,22.048,0.4309,42,0.4227,0.42274787
8473449,20242025,,,,,
8473449,20252026,,,,,
8473453,20232024,22.822,0.8076,83,0.6365,0.38991053
8473453,20242025,21.386,0.16,38,0.365,0.38862281
8473453,20252026,,,,,
8473504,20232024,22.208,0.5197,34,0.3668,0.36437533
8473504,20242025,,,,,
8473504,20252026,,,,,
8473507,20232024,22.028,0.6529,64,0.8694,0.40176571
8473507,20242025,22.787,0.8899,23,0.5346,0.39388132
8473507,20252026,22.4199,0.787,31,0.6296,0.43899465
8473512,20232024,22.147,0.4868,79,0.6168,0.43409512
8473512,20242025,22.55,0.6483,57,0.4817,0.42881694
8473512,20252026,21.8386,0.3143,74,0.5879,0.44197203
8473533,20232024,21.994,0.4046,98,0.722,0.46583836
8473533,20242025,23.153,0.9083,80,0.59,0.443853
8473533,20252026,23.1068,0.873,75,0.5961,0.4581076
8473563,20232024,20.339,0.0395,1,0.0313,0.40311465
8473563,20242025,,,,,
8473563,20252026,,,,,
8473986,20232024,21.512,0.2122,54,0.5,0.41521773
8473986,20242025,22.281,0.5033,69,0.5467,0.39836452
8473986,20252026,22.4621,0.6189,69,0.5489,0.40868693
8473994,20232024,21.422,0.1842,32,0.352,0.4430659
8473994,20242025,21.863,0.335,38,0.365,0.41958692
8473994,20252026,21.1672,0.1336,13,0.2036,0.4132716
8474009,20232024,20.665,0.0592,5,0.1086,0.34688705
8474009,20242025,,,,,
8474009,20252026,,,,,
8474013,20232024,20.844,0.1529,16,0.4331,0.41155431
8474013,20242025,21.941,0.6069,9,0.2987,0.39611037
8474013,20252026,21.6755,0.5,17,0.4599,0.39851391
8474031,20232024,20.975,0.1879,6,0.2229,0.44999337
8474031,20242025,,,,,
8474031,20252026,,,,,
8474034,20232024,20.302,0.0378,6,0.1283,0.42397761
8474034,20242025,20.026,0.02,1,0.02,0.40282823
8474034,20252026,,,,,
8474037,20232024,21.778,0.2993,29,0.3191,0.45700409
8474037,20242025,21.719,0.2717,39,0.3733,0.40989428
8474037,20252026,21.8266,0.3062,36,0.3632,0.44061978
8474040,20232024,21.228,0.148,12,0.1875,0.43651544
8474040,20242025,,,,,
8474040,20252026,,,,,
8474053,20232024,20.75,0.0707,3,0.0757,0.40068014
8474053,20242025,,,,,
8474053,20252026,,,,,
8474090,20232024,22.758,0.8822,22,0.5032,0.38341092
8474090,20242025,21.278,0.3365,19,0.4906,0.41877288
8474090,20252026,20.6784,0.1821,3,0.1975,0.39255951
8474102,20232024,21.191,0.1349,26,0.3026,0.45053744
8474102,20242025,20.999,0.08,11,0.185,0.44297534
8474102,20252026,22.1813,0.4723,37,0.3713,0.45575685
8474141,20232024,22.427,0.6283,47,0.4507,0.45070788
8474141,20242025,22.158,0.435,97,0.6683,0.44386442
8474141,20252026,22.8011,0.7801,76,0.6042,0.43537589
8474145,20232024,21.082,0.2389,5,0.1815,0.38839035
8474145,20242025,19.979,0.0818,0,0.0063,0.43084643
8474145,20252026,,,,,
8474149,20232024,22.37,0.597,98,0.722,0.42646789
8474149,20242025,22.517,0.625,149,0.86,0.40482273
8474149,20252026,22.6518,0.715,40,0.3893,0.38030294
8474150,20232024,22.641,0.7418,120,0.8026,0.40222718
8474150,20242025,22.235,0.4783,102,0.6917,0.40346339
8474150,20252026,22.1357,0.4479,70,0.5554,0.38679865
8474151,20232024,22.663,0.8535,49,0.8057,0.429065
8474151,20242025,22.202,0.7044,35,0.695,0.39228972
8474151,20252026,21.0471,0.2747,17,0.4599,0.39911221
8474157,20232024,21.504,0.2105,30,0.3306,0.40021671
8474157,20242025,22.448,0.5933,36,0.35,0.42822469
8474157,20252026,,,,,
8474166,20232024,21.912,0.5732,14,0.3981,0.41949725
8474166,20242025,21.453,0.4088,12,0.3711,0.39704628
8474166,20252026,,,,,
8474189,20232024,22.441,0.6365,94,0.6974,0.41441736
8474189,20242025,22.433,0.585,111,0.7433,0.40067394
8474189,20252026,22.2698,0.5195,75,0.5961,0.40955685
8474563,20232024,22.095,0.6847,35,0.6529,0.42731801
8474563,20242025,21.05,0.2453,8,0.283,0.43051058
8474563,20252026,21.5782,0.4537,36,0.679,0.41332669
8474564,20232024,22.411,0.6118,118,0.7944,0.45074308
8474564,20242025,24.205,0.9917,137,0.8217,0.4587114
8474564,20252026,22.9518,0.829,124,0.7932,0.45557121
8474565,20232024,21.68,0.4841,13,0.3758,0.42760265
8474565,20242025,21.255,0.3176,18,0.4654,0.42783948
8474565,20252026,,,,,
8474567,20232024,23.956,0.9968,74,0.9172,0.42010431
8474567,20242025,23.145,0.9371,47,0.7987,0.40168663
8474567,20252026,22.0373,0.6327,15,0.4198,0.40848902
8474568,20232024,20.397,0.0892,4,0.1656,0.43603433
8474568,20242025,20.667,0.1635,6,0.2453,0.42767936
8474568,20252026,20.9688,0.2593,3,0.1975,0.39501956
8474574,20232024,21.863,0.551,34,0.6465,0.41297442
8474574,20242025,23.35,0.9623,52,0.8333,0.40810473
8474574,20252026,22.4862,0.8179,39,0.7068,0.39135269
8474578,20232024,23.199,0.9618,116,0.9809,0.46045123
8474578,20242025,23.671,0.9843,139,0.9874,0.45679723
8474578,20252026,23.7392,0.9907,153,0.9815,0.45440818
8474586,20232024,22.397,0.6069,78,0.6069,0.45723476
8474586,20242025,21.661,0.2467,26,0.3083,0.42965116
8474586,20252026,21.7033,0.2752,65,0.5212,0.44520956
8474590,20232024,21.975,0.6178,41,0.7102,0.40415361
8474590,20242025,22.211,0.717,54,0.8396,0.42183887
8474590,20252026,22.5206,0.8395,32,0.6389,0.43428114
8474600,20232024,21.879,0.5637,43,0.7325,0.48034979
8474600,20242025,21.456,0.4119,27,0.6006,0.47028158
8474600,20252026,21.3778,0.392,56,0.8241,0.44670319
8474602,20232024,22.341,0.7643,44,0.7516,0.46495607
8474602,20242025,,,,,
8474602,20252026,,,,,
8474612,20232024,21.596,0.4586,6,0.2229,0.3925881
8474612,20242025,21.701,0.5252,8,0.283,0.40781421
8474612,20252026,20.363,0.1296,3,0.1975,0.38289947
8474618,20232024,21.712,0.5,25,0.5318,0.41316846
8474618,20242025,,,,,
8474618,20252026,,,,,
8474641,20232024,21.916,0.3586,52,0.4918,0.39806543
8474641,20242025,22.641,0.6917,77,0.575,0.38848736
8474641,20252026,21.6205,0.2459,28,0.3127,0.38343619
8474673,20232024,21.123,0.258,12,0.3599,0.40470406
8474673,20242025,21.798,0.5755,9,0.2987,0.40650188
8474673,20252026,,,,,
8474679,20232024,22.446,0.6431,78,0.6069,0.46286086
8474679,20242025,21.875,0.3417,55,0.47,0.43763703
8474679,20252026,22.1884,0.4772,36,0.3632,0.42708429
8474709,20232024,21.405,0.1809,14,0.2056,0.38772554
8474709,20242025,21.197,0.115,20,0.2567,0.37242395
8474709,20252026,,,,,
8474715,20232024,22.743,0.7648,59,0.5247,0.4189869
8474715,20242025,22.115,0.4167,8,0.155,0.40183088
8474715,20252026,,,,,
8474716,20232024,21.306,0.3376,13,0.3758,0.43843537
8474716,20242025,21.639,0.4969,43,0.7767,0.44082361
8474716,20252026,22.4599,0.8025,40,0.716,0.42232314
8474870,20232024,22.523,0.6875,38,0.3914,0.41666955
8474870,20242025,20.98,0.0783,14,0.2067,0.40104946
8474870,20252026,,,,,
8474884,20232024,21.679,0.25,60,0.5296,0.39098739
8474884,20242025,,,,,
8474884,20252026,,,,,
8475149,20232024,22.79,0.7961,186,0.9293,0.42988035
8475149,20242025,23.223,0.93,200,0.955,0.42139117
8475149,20252026,23.0608,0.8648,184,0.9235,0.43139881
8475151,20232024,21.967,0.3931,54,0.5,0.42287885
8475151,20242025,22.569,0.6633,80,0.59,0.40841113
8475151,20252026,22.3263,0.5505,23,0.2671,0.43458679
8475158,20232024,21.851,0.3273,34,0.3668,0.45915604
8475158,20242025,22.487,0.6067,61,0.505,0.46540247
8475158,20252026,22.1415,0.4511,72,0.5749,0.44641602
8475164,20232024,22.343,0.5806,44,0.4375,0.42880891
8475164,20242025,,,,,
8475164,20252026,,,,,
8475166,20232024,22.386,0.6036,106,0.7632,0.44451148
8475166,20242025,22.054,0.3983,97,0.6683,0.43225579
8475166,20252026,22.6598,0.7199,82,0.627,0.43210644
8475167,20232024,21.688,0.4904,45,0.7643,0.44431375
8475167,20242025,22.532,0.8302,37,0.7075,0.45352007
8475167,20252026,22.1537,0.6944,15,0.4198,0.43590779
8475168,20232024,22.746,0.773,153,0.8931,0.43373704
8475168,20242025,21.97,0.37,159,0.875,0.42881414
8475168,20252026,21.5565,0.2199,67,0.5309,0.42879181
8475169,20232024,22.558,0.7007,138,0.8454,0.42848237
8475169,20242025,,,,,
8475169,20252026,22.6023,0.6906,94,0.6824,0.41275314
8475170,20232024,22.01,0.4128,119,0.7993,0.42177861
8475170,20242025,22.685,0.7083,96,0.665,0.41905068
8475170,20252026,22.427,0.5993,85,0.6401,0.42335349
8475171,20232024,22.934,0.914,47,0.7771,0.46447353
8475171,20242025,21.956,0.6101,43,0.7767,0.43205756
8475171,20252026,21.3907,0.3981,24,0.534,0.42845941
8475172,20232024,22.01,0.4128,78,0.6069,0.46122995
8475172,20242025,21.912,0.3517,71,0.555,0.45089198
8475172,20252026,22.1157,0.4365,44,0.4137,0.44983512
8475177,20232024,20.878,0.1656,5,0.1815,0.41644332
8475177,20242025,21.188,0.2799,11,0.3459,0.42720318
8475177,20252026,,,,,
8475179,20232024,21.524,0.4268,18,0.465,0.44747343
8475179,20242025,21.184,0.2767,24,0.544,0.42285143
8475179,20252026,20.3378,0.1265,2,0.1543,0.4132536
8475181,20232024,23.576,0.9904,86,0.9363,0.37559342
8475181,20242025,22.325,0.761,24,0.544,0.42843685
8475181,20252026,22.2947,0.7469,18,0.4907,0.41385231
8475184,20232024,23.021,0.8914,185,0.9276,0.45123776
8475184,20242025,22.702,0.7117,139,0.825,0.42419653
8475184,20252026,22.8934,0.8192,94,0.6824,0.44540207
8475188,20232024,21.079,0.2357,1,0.0573,0.42186052
8475188,20242025,20.269,0.1038,1,0.0849,0.41323468
8475188,20252026,20.4555,0.1389,1,0.0772,0.41279202
8475191,20232024,22.261,0.5345,72,0.5839,0.42082646
8475191,20242025,21.683,0.2583,56,0.475,0.39700495
8475191,20252026,22.1323,0.4463,60,0.4902,0.40550848
8475193,20232024,21.193,0.1365,32,0.352,0.41950706
8475193,20242025,21.97,0.37,51,0.44,0.42424027
8475193,20252026,,,,,
8475197,20232024,20.145,0.0732,2,0.1146,0.45304087
8475197,20242025,20.866,0.2075,4,0.1855,0.43792702
8475197,20252026,,,,,
8475200,20232024,22.226,0.7325,26,0.5541,0.47100981
8475200,20242025,21.635,0.4937,19,0.4906,0.45324841
8475200,20252026,21.3152,0.3549,16,0.4444,0.4408262
8475208,20232024,21.83,0.535,34,0.6465,0.42912008
8475208,20242025,22.708,0.8648,25,0.566,0.38493872
8475208,20252026,21.8542,0.5679,14,0.3951,0.41098957
8475218,20232024,21.924,0.5828,27,0.5669,0.46572827
8475218,20242025,21.573,0.4654,47,0.7987,0.46250076
8475218,20252026,22.1712,0.716,30,0.6173,0.45711857
8475220,20232024,21.283,0.1563,16,0.2204,0.41161456
8475220,20242025,22.085,0.4033,51,0.44,0.41387207
8475220,20252026,21.5213,0.2036,39,0.3876,0.40110063
8475225,20232024,22.938,0.8602,88,0.6579,0.4286166
8475225,20242025,22.13,0.4283,59,0.4933,0.39159652
8475225,20252026,,,,,
8475231,20232024,22.81,0.8043,154,0.898,0.3737305
8475231,20242025,22.353,0.5417,167,0.9,0.38907088
8475231,20252026,22.734,0.7459,130,0.816,0.38466653
8475233,20232024,20.877,0.1624,7,0.2452,0.37906835
8475233,20242025,20.654,0.1541,3,0.1509,0.37695572
8475233,20252026,,,,,
8475235,20232024,21.977,0.3964,13,0.1941,0.41548379
8475235,20242025,21.097,0.0967,4,0.0917,0.41689528
8475235,20252026,21.0627,0.101,6,0.127,0.41802244
8475278,20232024,21.097,0.1184,10,0.1743,0.39555567
8475278,20242025,,,,,
8475278,20252026,,,,,
8475279,20232024,22.064,0.672,42,0.7166,0.40055948
8475279,20242025,22.45,0.8019,30,0.6384,0.39152728
8475279,20252026,21.8693,0.5772,35,0.6728,0.39553892
8475287,20232024,23.454,0.9605,66,0.5444,0.38486097
8475287,20242025,22.888,0.7967,88,0.63,0.40043628
8475287,20252026,22.5008,0.6433,112,0.7557,0.41196849
8475314,20232024,22.182,0.5066,101,0.7401,0.42215358
8475314,20242025,22.232,0.475,86,0.62,0.4342644
8475314,20252026,22.2426,0.5081,68,0.544,0.43482033
8475324,20232024,22.791,0.8885,66,0.8822,0.36024022
8475324,20242025,22.396,0.7767,43,0.7767,0.41835657
8475324,20252026,22.6573,0.8549,30,0.6173,0.43806916
8475343,20232024,21.719,0.273,57,0.5197,0.34346971
8475343,20242025,21.821,0.3117,92,0.6433,0.36654535
8475343,20252026,22.0591,0.4072,67,0.5309,0.39097046
8475413,20232024,21.376,0.1743,2,0.0526,0.36816415
8475413,20242025,21.814,0.3067,81,0.5983,0.41784133
8475413,20252026,20.337,0.0309,1,0.0228,0.38085417
8475455,20232024,21.421,0.379,28,0.5796,0.39388685
8475455,20242025,22.209,0.7138,39,0.739,0.40323367
8475455,20252026,22.6694,0.8611,32,0.6389,0.39721721
8475462,20232024,21.892,0.5669,21,0.4936,0.3855326
8475462,20242025,22.131,0.6604,18,0.4654,0.37859185
8475462,20252026,21.5476,0.4444,12,0.3735,0.4271586
8475690,20232024,21.152,0.2707,40,0.6975,0.39907413
8475690,20242025,22.313,0.7516,31,0.6509,0.38364867
8475690,20252026,20.5053,0.1574,1,0.0772,0.38772582
8475692,20232024,23.129,0.9095,36,0.3799,0.46971867
8475692,20242025,21.642,0.2417,26,0.3083,0.44567863
8475692,20252026,21.1066,0.1156,27,0.2997,0.46711471
8475714,20232024,21.932,0.3701,66,0.5444,0.40568262
8475714,20242025,21.82,0.31,14,0.2067,0.36629167
8475714,20252026,21.8598,0.3257,48,0.4365,0.36658689
8475718,20232024,21.274,0.3248,16,0.4331,0.4183202
8475718,20242025,21.149,0.2704,9,0.2987,0.42393893
8475718,20252026,20.7215,0.1975,5,0.25,0.42726332
8475722,20232024,21.915,0.3553,56,0.5148,0.42398039
8475722,20242025,22.381,0.5617,54,0.4667,0.43983541
8475722,20252026,21.9005,0.3355,44,0.4137,0.45413379
8475726,20232024,21.835,0.324,43,0.4293,0.46071874
8475726,20242025,21.819,0.3083,38,0.365,0.45766954
8475726,20252026,21.4361,0.1857,36,0.3632,0.45191414
8475744,20232024,23.447,0.9572,97,0.7171,0.40106253
8475744,20242025,,,,,
8475744,20252026,,,,,
8475745,20232024,22.778,0.7928,90,0.6776,0.40864621
8475745,20242025,23.072,0.8717,91,0.64,0.41421245
8475745,20252026,23.0619,0.8664,87,0.6515,0.40654377
8475750,20232024,21.011,0.2006,5,0.1815,0.43913894
8475750,20242025,20.418,0.1226,5,0.2138,0.41291365
8475750,20252026,,,,,
8475752,20232024,22.257,0.5329,47,0.4507,0.39600303
8475752,20242025,,,,,
8475752,20252026,22.2752,0.5228,40,0.3893,0.37713252
8475753,20232024,21.366,0.3599,40,0.6975,0.42365943
8475753,20242025,22.239,0.7264,51,0.8302,0.42902749
8475753,20252026,22.7304,0.8827,69,0.8951,0.42422726
8475754,20232024,22.425,0.6201,147,0.8717,0.42318835
8475754,20242025,22.584,0.6667,171,0.9117,0.41606015
8475754,20252026,22.6372,0.6954,150,0.8681,0.44015034
8475760,20232024,22.292,0.5576,116,0.7878,0.38021335
8475760,20242025,22.245,0.4833,90,0.6383,0.40969675
8475760,20252026,21.6473,0.2573,70,0.5554,0.38501886
8475762,20232024,20.832,0.1433,2,0.1146,0.38305215
8475762,20242025,20.417,0.1195,6,0.2453,0.40889979
8475762,20252026,20.6565,0.179,1,0.0772,0.36199303
8475763,20232024,21.825,0.3191,23,0.273,0.4093965
8475763,20242025,21.278,0.1367,23,0.2783,0.45747598
8475763,20252026,20.6138,0.0456,13,0.2036,0.43515656
8475764,20232024,22.438,0.7866,59,0.8503,0.39424298
8475764,20242025,21.7,0.522,42,0.7642,0.4364965
8475764,20252026,21.8846,0.5895,43,0.7438,0.42959812
8475765,20232024,22.402,0.6086,73,0.5872,0.42779697
8475765,20242025,21.757,0.2833,75,0.5683,0.41320801
8475765,20252026,21.9338,0.3502,45,0.4235,0.4178867
8475766,20232024,22.891,0.8322,22,0.2648,0.38265298
8475766,20242025,21.632,0.2317,8,0.155,0.37058585
8475766,20252026,,,,,
8475768,20232024,21.822,0.3174,55,0.5066,0.44480556
8475768,20242025,21.992,0.38,78,0.58,0.43376245
8475768,20252026,21.6821,0.2687,42,0.4039,0.40836359
8475780,20232024,21.563,0.2237,13,0.1941,0.38660604
8475780,20242025,22.245,0.4833,15,0.215,0.39582376
8475780,20252026,,,,,
8475784,20232024,22.043,0.4276,8,0.1563,0.4348104
8475784,20242025,21.962,0.3683,43,0.3967,0.42900656
8475784,20252026,22.0407,0.3925,17,0.2394,0.41838178
8475786,20232024,22.763,0.7862,130,0.8224,0.49471733
8475786,20242025,23.079,0.875,163,0.885,0.48828508
8475786,20252026,23.062,0.8681,134,0.8208,0.4846114
8475790,20232024,22.023,0.6497,43,0.7325,0.36497898
8475790,20242025,21.912,0.6006,11,0.3459,0.3845489
8475790,20252026,22.4381,0.7901,17,0.4599,0.36671148
8475791,20232024,21.627,0.2401,17,0.2303,0.4427776
8475791,20242025,22.522,0.6267,162,0.8833,0.43861799
8475791,20252026,22.8466,0.8029,147,0.8599,0.4772639
8475793,20232024,22.157,0.4901,35,0.375,0.42184344
8475793,20242025,,,,,
8475793,20252026,,,,,
8475794,20232024,21.437,0.1875,43,0.4293,0.42031907
8475794,20242025,22.276,0.5,12,0.1967,0.43076976
8475794,20252026,21.8542,0.3208,28,0.3127,0.41373231
8475795,20232024,19.723,0.0414,0,0.0032,0.42496735
8475795,20242025,20.682,0.1698,5,0.2138,0.3797617
8475795,20252026,21.2706,0.3426,2,0.1543,0.37006512
8475797,20232024,22.514,0.8089,11,0.3408,0.36838605
8475797,20242025,,,,,
8475797,20252026,,,,,
8475798,20232024,22.103,0.4704,51,0.4836,0.38926763
8475798,20242025,22.233,0.4767,104,0.6983,0.41109016
8475798,20252026,22.3411,0.5554,82,0.627,0.43691501
8475799,20232024,21.939,0.3766,88,0.6579,0.43125829
8475799,20242025,21.671,0.25,109,0.725,0.41939691
8475799,20252026,21.6802,0.2671,29,0.3208,0.41666963
8475810,20232024,22.281,0.5493,149,0.8849,0.43635267
8475810,20242025,22.763,0.7383,161,0.88,0.43685945
8475810,20252026,22.7948,0.7769,124,0.7932,0.44581645
8475825,20232024,21.192,0.2803,23,0.5064,0.38399813
8475825,20242025,19.618,0.0566,0,0.0063,0.4379519
8475825,20252026,,,,,
8475842,20232024,22.24,0.528,66,0.5444,0.37582947
8475842,20242025,21.578,0.2117,39,0.3733,0.38723699
8475842,20252026,22.0805,0.4186,37,0.3713,0.40136493
8475848,20232024,22.428,0.6299,84,0.6414,0.4187621
8475848,20242025,22.327,0.5283,106,0.7117,0.41748037
8475848,20252026,22.8156,0.7834,100,0.7134,0.42846567
8475855,20232024,22.071,0.4507,54,0.5,0.48754512
8475855,20242025,,,,,
8475855,20252026,,,,,
8475906,20232024,21.165,0.2771,5,0.1815,0.44811181
8475906,20242025,20.365,0.1101,1,0.0849,0.41127497
8475906,20252026,20.8013,0.2191,9,0.3272,0.44759283
8475913,20232024,22.167,0.4967,13,0.1941,0.43992829
8475913,20242025,21.675,0.2533,25,0.2983,0.44567978
8475913,20252026,22.4076,0.5879,35,0.3616,0.46600498
8475958,20232024,21.798,0.3076,29,0.3191,0.3886762
8475958,20242025,19.645,0.005,0,0.0,0.40847984
8475958,20252026,,,,,
8476278,20232024,22.551,0.6957,48,0.4622,0.38005038
8476278,20242025,23.661,0.9717,66,0.5333,0.40147579
8476278,20252026,22.7956,0.7785,93,0.6759,0.38629686
8476292,20232024,21.744,0.2796,37,0.3898,0.41194371
8476292,20242025,22.213,0.47,46,0.4183,0.40579565
8476292,20252026,22.5537,0.6629,53,0.4593,0.40655271
8476312,20232024,22.341,0.7643,61,0.8567,0.42747361
8476312,20242025,22.179,0.6981,41,0.7579,0.43046445
8476312,20252026,22.068,0.6481,60,0.8457,0.42467545
8476329,20232024,20.543,0.0543,1,0.0313,0.37560388
8476329,20242025,21.196,0.1133,1,0.02,0.33722925
8476329,20252026,,,,,
8476331,20232024,20.549,0.1051,5,0.1815,0.41447858
8476331,20242025,20.722,0.1761,10,0.3302,0.4216421
8476331,20252026,20.4673,0.142,8,0.2963,0.40954803
8476346,20232024,22.923,0.8536,103,0.7451,0.43108715
8476346,20242025,,,,,
8476346,20252026,,,,,
8476372,20232024,21.68,0.4841,36,0.6656,0.42166439
8476372,20242025,21.42,0.3994,30,0.6384,0.39451659
8476372,20252026,22.2678,0.7377,25,0.537,0.41123234
8476374,20232024,22.752,0.778,91,0.6859,0.37579715
8476374,20242025,23.058,0.8633,125,0.7917,0.38622267
8476374,20252026,22.5732,0.6726,77,0.6107,0.3741271
8476389,20232024,22.812,0.8059,174,0.9178,0.45803261
8476389,20242025,23.987,0.9883,142,0.84,0.4356555
8476389,20252026,23.0379,0.8534,127,0.8078,0.44197013
8476392,20232024,22.172,0.5,139,0.847,0.39585375
8476392,20242025,22.561,0.6583,131,0.8017,0.38898695
8476392,20252026,22.0047,0.3827,92,0.671,0.39429498
8476393,20232024,21.774,0.2977,44,0.4375,0.45975474
8476393,20242025,21.58,0.2133,40,0.38,0.42855472
8476393,20252026,22.1269,0.443,38,0.3811,0.44058277
8476399,20232024,22.697,0.7549,80,0.6217,0.41312321
8476399,20242025,22.285,0.505,80,0.59,0.41476444
8476399,20252026,22.5166,0.6498,86,0.6466,0.40386123
8476419,20232024,22.892,0.8339,126,0.8109,0.37653661
8476419,20242025,21.85,0.3283,97,0.6683,0.40619932
8476419,20252026,22.078,0.4153,109,0.741,0.37181295
8476422,20232024,21.545,0.4363,42,0.7166,0.44836458
8476422,20242025,20.986,0.2327,10,0.3302,0.468435
8476422,20252026,21.0747,0.2778,17,0.4599,0.46880253
8476429,20232024,21.266,0.3185,8,0.2803,0.37104167
8476429,20242025,21.196,0.2862,20,0.5,0.38365292
8476429,20252026,23.0493,0.929,15,0.4198,0.39026462
8476432,20232024,21.961,0.3882,96,0.7089,0.41540039
8476432,20242025,21.485,0.1917,25,0.2983,0.41304563
8476432,20252026,22.2645,0.5179,71,0.5684,0.40211948
8476438,20232024,22.365,0.5938,157,0.903,0.40254797
8476438,20242025,22.253,0.4867,123,0.7817,0.42145267
8476438,20252026,22.6395,0.6987,74,0.5879,0.39619975
8476441,20232024,21.43,0.3885,17,0.4522,0.39442554
8476441,20242025,21.814,0.5849,9,0.2987,0.40348568
8476441,20252026,21.549,0.4475,25,0.537,0.40526967
8476442,20232024,21.815,0.3158,30,0.3306,0.35494742
8476442,20242025,22.422,0.5783,51,0.44,0.38426918
8476442,20252026,,,,,
8476448,20232024,22.904,0.847,157,0.903,0.43330627
8476448,20242025,22.984,0.8367,124,0.7867,0.41860367
8476448,20252026,22.3282,0.5521,33,0.3518,0.40802481
8476453,20232024,23.227,0.9276,159,0.9112,0.45675354
8476453,20242025,22.832,0.775,102,0.6917,0.45731189
8476453,20252026,22.4398,0.6075,138,0.8306,0.45680076
8476454,20232024,22.602,0.7204,94,0.6974,0.4672232
8476454,20242025,22.713,0.7183,82,0.6033,0.44854849
8476454,20252026,22.7683,0.7638,63,0.5098,0.45953097
8476456,20232024,21.939,0.3766,44,0.4375,0.4526698
8476456,20242025,22.42,0.575,43,0.3967,0.43858861
8476456,20252026,21.1198,0.1205,18,0.2459,0.44230081
8476457,20232024,22.183,0.7134,46,0.7739,0.40347326
8476457,20242025,21.661,0.5031,37,0.7075,0.38439828
8476457,20252026,21.8112,0.5494,29,0.6049,0.37746278
8476458,20232024,21.43,0.1859,41,0.4161,0.42074666
8476458,20242025,21.21,0.1167,30,0.3333,0.42459385
8476458,20252026,21.3233,0.1596,23,0.2671,0.44216266
8476459,20232024,22.426,0.6234,193,0.9441,0.44228897
8476459,20242025,22.524,0.6317,148,0.8583,0.42490872
8476459,20252026,22.3176,0.5423,124,0.7932,0.43388219
8476460,20232024,21.759,0.2862,110,0.7747,0.45453743
8476460,20242025,22.309,0.5167,105,0.7067,0.44352022
8476460,20252026,23.438,0.9397,121,0.7834,0.43973647
8476461,20232024,21.469,0.2023,34,0.3668,0.45737582
8476461,20242025,21.633,0.2333,47,0.4217,0.42468672
8476461,20252026,21.6859,0.2704,58,0.487,0.4004885
8476462,20232024,21.245,0.3025,5,0.1815,0.46232164
8476462,20242025,22.153,0.6698,14,0.3994,0.45784849
8476462,20252026,21.265,0.3395,8,0.2963,0.43419158
8476463,20232024,21.974,0.6146,36,0.6656,0.40446614
8476463,20242025,21.262,0.3239,22,0.5252,0.40966955
8476463,20252026,21.3222,0.3611,22,0.5185,0.41480271
8476467,20232024,22.365,0.7707,47,0.7771,0.38427675
8476467,20242025,21.703,0.5314,29,0.6226,0.37904035
8476467,20252026,22.0144,0.6265,31,0.6296,0.39759102
8476468,20232024,22.983,0.8783,229,0.9688,0.46248309
8476468,20242025,22.365,0.5483,168,0.9017,0.43790574
8476468,20252026,22.7654,0.7622,147,0.8599,0.44859689
8476469,20232024,21.613,0.2368,55,0.5066,0.37235853
8476469,20242025,22.374,0.555,73,0.5583,0.38368529
8476469,20252026,21.6379,0.2524,49,0.4397,0.40316463
8476473,20232024,21.649,0.4713,3,0.1433,0.38062894
8476473,20242025,20.773,0.1824,4,0.1855,0.38368747
8476473,20252026,20.497,0.1543,2,0.1543,0.37469772
8476474,20232024,21.343,0.1661,27,0.3059,0.4817138
8476474,20242025,21.044,0.0883,21,0.2633,0.4481094
8476474,20252026,21.5381,0.2117,8,0.1547,0.42870527
8476479,20232024,22.632,0.7352,62,0.5329,0.41179595
8476479,20242025,21.915,0.3533,43,0.3967,0.41263347
8476479,20252026,21.6407,0.2557,55,0.4691,0.39944367
8476480,20232024,22.892,0.8339,96,0.7089,0.42580315
8476480,20242025,22.71,0.715,81,0.5983,0.42423525
8476480,20252026,22.2433,0.5098,72,0.5749,0.4219896
8476483,20232024,22.266,0.5395,89,0.6661,0.46444011
8476483,20242025,21.84,0.3217,119,0.765,0.45277081
8476483,20252026,22.8461,0.8013,99,0.7085,0.44650993
8476525,20232024,22.182,0.7102,26,0.5541,0.42027454
8476525,20242025,21.259,0.3208,25,0.566,0.42460487
8476525,20252026,21.3908,0.4012,7,0.2778,0.42117117
8476539,20232024,21.117,0.1217,23,0.273,0.45487903
8476539,20242025,21.223,0.125,37,0.3583,0.45760965
8476539,20252026,21.0797,0.1059,20,0.2541,0.43964307
8476624,20232024,22.055,0.4408,56,0.5148,0.36308108
8476624,20242025,21.698,0.2633,53,0.46,0.37609112
8476624,20252026,22.2245,0.4967,71,0.5684,0.37900409
8476792,20232024,22.037,0.6592,39,0.6847,0.44314106
8476792,20242025,,,,,
8476792,20252026,,,,,
8476822,20232024,22.925,0.8553,144,0.8618,0.35217023
8476822,20242025,22.893,0.8017,125,0.7917,0.36594261
8476822,20252026,23.2788,0.9202,122,0.7866,0.35556751
8476826,20232024,22.752,0.778,176,0.9211,0.41352104
8476826,20242025,21.848,0.325,83,0.6083,0.42069755
8476826,20252026,21.8349,0.3111,96,0.6938,0.40668217
8476853,20232024,22.658,0.8503,98,0.9618,0.44844824
8476853,20242025,22.403,0.7862,66,0.8805,0.44412363
8476853,20252026,22.7057,0.8735,71,0.9012,0.43703473
8476854,20232024,22.666,0.8567,53,0.8153,0.42784405
8476854,20242025,21.555,0.456,8,0.283,0.43583689
8476854,20252026,22.5098,0.8272,52,0.8025,0.42044772
8476856,20232024,21.5,0.4172,28,0.5796,0.38246879
8476856,20242025,21.242,0.3113,15,0.4214,0.42350983
8476856,20252026,22.8394,0.9012,5,0.25,0.42033459
8476858,20232024,22.632,0.7352,47,0.4507,0.40411135
8476858,20242025,21.754,0.2783,18,0.2383,0.42114945
8476858,20252026,,,,,
8476867,20232024,21.316,0.1595,21,0.2582,0.39627809
8476867,20242025,22.947,0.8217,15,0.215,0.34929363
8476867,20252026,22.067,0.4088,24,0.2769,0.3734662
8476869,20232024,22.301,0.7548,72,0.9076,0.46185768
8476869,20242025,22.357,0.7704,71,0.8962,0.43853325
8476869,20252026,23.3967,0.9722,65,0.8673,0.41380597
8476871,20232024,22.22,0.523,62,0.5329,0.39296381
8476871,20242025,22.704,0.7133,70,0.55,0.40885734
8476871,20252026,21.6978,0.272,57,0.4756,0.38241618
8476872,20232024,22.117,0.4753,79,0.6168,0.39758259
8476872,20242025,21.872,0.3383,91,0.64,0.38026341
8476872,20252026,22.3239,0.5472,77,0.6107,0.36315718
8476873,20232024,21.156,0.1266,15,0.2155,0.45117335
8476873,20242025,21.991,0.3783,30,0.3333,0.43140636
8476873,20252026,22.1815,0.4739,38,0.3811,0.44917548
8476874,20232024,21.424,0.3822,14,0.3981,0.41980227
8476874,20242025,21.301,0.3428,33,0.6824,0.41103186
8476874,20252026,22.1821,0.7191,9,0.3272,0.40886793
8476875,20232024,22.939,0.9172,113,0.9777,0.41151756
8476875,20242025,23.168,0.9403,115,0.9686,0.39557204
8476875,20252026,22.8092,0.8951,90,0.9321,0.38510774
8476878,20232024,22.878,0.824,103,0.7451,0.39879783
8476878,20242025,22.991,0.8417,149,0.86,0.38880354
8476878,20252026,22.4837,0.6287,125,0.7997,0.39084184
8476879,20232024,22.558,0.8217,61,0.8567,0.41420767
8476879,20242025,21.684,0.5063,63,0.8774,0.38886568
8476879,20252026,21.7282,0.5216,42,0.7284,0.40371353
8476880,20232024,23.099,0.9013,187,0.9309,0.4059083
8476880,20242025,23.218,0.9283,187,0.9383,0.42102535
8476880,20252026,22.8156,0.7834,162,0.8811,0.4230895
8476881,20232024,22.996,0.8865,24,0.2845,0.41719626
8476881,20242025,21.836,0.32,36,0.35,0.45799877
8476881,20252026,21.9634,0.3697,60,0.4902,0.47712517
8476882,20232024,21.198,0.1398,23,0.273,0.46947423
8476882,20242025,21.24,0.13,19,0.2467,0.42517444
8476882,20252026,21.5514,0.2166,16,0.2345,0.41897337
8476885,20232024,21.316,0.3408,17,0.4522,0.39007148
8476885,20242025,22.56,0.8365,15,0.4214,0.37609768
8476885,20252026,21.3982,0.4043,18,0.4907,0.40679685
8476887,20232024,22.555,0.6974,88,0.6579,0.47666301
8476887,20242025,22.122,0.4183,58,0.4883,0.45605
8476887,20252026,21.9683,0.3713,43,0.4088,0.45296056
8476889,20232024,21.833,0.3224,53,0.4967,0.40270829
8476889,20242025,21.261,0.135,43,0.3967,0.40858904
8476889,20252026,21.9516,0.3648,46,0.43,0.38548626
8476891,20232024,21.249,0.3089,24,0.5191,0.40933563
8476891,20242025,21.582,0.4748,50,0.8239,0.44451332
8476891,20252026,21.5507,0.4506,23,0.5247,0.41775229
8476892,20232024,22.502,0.8025,137,0.9904,0.38102297
8476892,20242025,22.436,0.7925,130,0.9843,0.40500265
8476892,20252026,22.3277,0.7593,94,0.9444,0.40135465
8476897,20232024,22.467,0.653,43,0.4293,0.38457759
8476897,20242025,21.631,0.23,23,0.2783,0.40461628
8476897,20252026,21.6349,0.2492,25,0.2818,0.37680583
8476902,20232024,22.135,0.6975,23,0.5064,0.39831948
8476902,20242025,21.755,0.5535,18,0.4654,0.38991832
8476902,20252026,21.183,0.3117,10,0.3488,0.3945222
8476905,20232024,22.438,0.6349,219,0.9622,0.4290969
8476905,20242025,22.826,0.7667,166,0.8967,0.40233406
8476905,20252026,23.2681,0.9121,169,0.9007,0.40123801
8476906,20232024,21.153,0.2739,17,0.4522,0.46549487
8476906,20242025,21.381,0.3774,9,0.2987,0.51315804
8476906,20252026,21.731,0.5247,12,0.3735,0.49576938
8476913,20232024,21.352,0.1694,10,0.1743,0.42363618
8476913,20242025,22.262,0.4917,37,0.3583,0.37304434
8476913,20252026,,,,,
8476917,20232024,21.562,0.4459,25,0.5318,0.38278235
8476917,20242025,22.783,0.8868,29,0.6226,0.41638503
8476917,20252026,22.0285,0.6296,42,0.7284,0.40016714
8476918,20232024,22.072,0.4523,58,0.523,0.38398995
8476918,20242025,21.18,0.11,24,0.2917,0.39979579
8476918,20252026,,,,,
8476919,20232024,21.802,0.3109,36,0.3799,0.3828183
8476919,20242025,,,,,
8476919,20252026,,,,,
8476921,20232024,22.627,0.7319,129,0.8191,0.47147482
8476921,20242025,22.294,0.5083,107,0.7217,0.44881971
8476921,20252026,22.7142,0.7394,84,0.6368,0.43907082
8476923,20232024,21.935,0.5987,44,0.7516,0.40971459
8476923,20242025,22.069,0.6352,29,0.6226,0.39882346
8476923,20252026,22.0642,0.6451,37,0.6852,0.4293986
8476925,20232024,22.308,0.5658,87,0.6546,0.42553712
8476925,20242025,23.321,0.945,97,0.6683,0.40661211
8476925,20252026,22.9844,0.8355,92,0.671,0.40195771
8476927,20232024,22.007,0.4095,89,0.6661,0.41024374
8476927,20242025,22.007,0.385,77,0.575,0.3968885
8476927,20252026,22.2273,0.4984,41,0.3974,0.37108804
8476931,20232024,22.253,0.7389,60,0.8535,0.41329995
8476931,20242025,23.673,0.9874,34,0.6918,0.39901676
8476931,20252026,22.6744,0.8642,62,0.8611,0.38180019
8476934,20232024,23.379,0.949,54,0.5,0.37008469
8476934,20242025,22.611,0.6817,43,0.3967,0.37997767
8476934,20252026,,,,,
8476952,20232024,22.419,0.6135,19,0.2434,0.4069951
8476952,20242025,22.456,0.5983,6,0.1267,0.42483957
8476952,20252026,22.1996,0.487,10,0.171,0.45901313
8476958,20232024,22.217,0.7261,47,0.7771,0.46345462
8476958,20242025,24.189,0.9969,57,0.8553,0.4482679
8476958,20252026,21.8475,0.5648,17,0.4599,0.43303002
8476960,20232024,22.993,0.8832,86,0.6497,0.36324803
8476960,20242025,23.293,0.94,27,0.3167,0.32267429
8476960,20252026,,,,,
8476967,20232024,22.846,0.9013,81,0.9299,0.42720993
8476967,20242025,22.718,0.8711,91,0.9403,0.4159345
8476967,20252026,21.9299,0.5988,67,0.8827,0.40924095
8476979,20232024,22.263,0.742,36,0.6656,0.45160234
8476979,20242025,21.821,0.5881,31,0.6509,0.44832372
8476979,20252026,20.4748,0.1512,2,0.1543,0.40629451
8476981,20232024,23.253,0.9326,333,0.9885,0.41948714
8476981,20242025,23.634,0.97,319,0.9867,0.37717654
8476981,20252026,23.2769,0.9186,257,0.9788,0.37789299
8476988,20232024,21.034,0.2134,8,0.2803,0.35101638
8476988,20242025,20.591,0.1478,2,0.1321,0.3812869
8476988,20252026,21.1263,0.2932,1,0.0772,0.41607167
8476994,20232024,22.859,0.8174,33,0.3618,0.40662761
8476994,20242025,23.178,0.9167,106,0.7117,0.42792105
8476994,20252026,23.6143,0.9625,204,0.9577,0.39932549
8477015,20232024,22.381,0.602,140,0.8503,0.41427138
8477015,20242025,22.586,0.6683,145,0.8517,0.39962564
8477015,20252026,23.2273,0.9055,116,0.772,0.40891136
8477018,20232024,22.284,0.7484,16,0.4331,0.46307813
8477018,20242025,19.948,0.0755,0,0.0063,0.40661369
8477018,20252026,21.8039,0.5463,8,0.2963,0.43105663
8477021,20232024,22.283,0.551,121,0.8043,0.39287554
8477021,20242025,23.137,0.9,132,0.805,0.38843655
8477021,20252026,22.3676,0.57,43,0.4088,0.41686365
8477034,20232024,21.331,0.3439,11,0.3408,0.39727038
8477034,20242025,20.881,0.2107,5,0.2138,0.46052878
8477034,20252026,19.5795,0.0309,0,0.0031,0.39555271
8477070,20232024,21.9,0.347,69,0.5609,0.3770551
8477070,20242025,22.18,0.4467,29,0.33,0.40975626
8477070,20252026,22.0142,0.386,32,0.3436,0.40448695
8477073,20232024,22.326,0.5707,21,0.2582,0.39234478
8477073,20242025,21.73,0.275,8,0.155,0.40054034
8477073,20252026,21.197,0.1384,3,0.0619,0.38384758
8477220,20232024,23.097,0.9363,30,0.6051,0.44134731
8477220,20242025,22.234,0.7233,58,0.8585,0.46657112
8477220,20252026,21.5466,0.4414,37,0.6852,0.41176203
8477244,20232024,22.005,0.6369,15,0.4108,0.407141
8477244,20242025,21.49,0.4308,4,0.1855,0.38003779
8477244,20252026,,,,,
8477330,20232024,21.793,0.3059,49,0.4671,0.41269469
8477330,20242025,,,,,
8477330,20252026,,,,,
8477335,20232024,21.093,0.2452,10,0.3153,0.39180282
8477335,20242025,20.026,0.0849,1,0.0849,0.41511159
8477335,20252026,,,,,
8477346,20232024,23.609,0.9936,43,0.7325,0.43502104
8477346,20242025,23.246,0.9528,62,0.8679,0.44537942
8477346,20252026,22.0427,0.6358,37,0.6852,0.4297389
8477353,20232024,23.099,0.9013,109,0.7714,0.38077272
8477353,20242025,23.018,0.8483,94,0.6567,0.37703966
8477353,20252026,,,,,
8477365,20232024,21.964,0.6083,43,0.7325,0.38957673
8477365,20242025,22.102,0.6509,29,0.6226,0.3935277
8477365,20252026,22.6747,0.8673,26,0.5494,0.38713018
8477369,20232024,20.751,0.1401,6,0.2229,0.41790615
8477369,20242025,21.53,0.4497,14,0.3994,0.40564647
8477369,20252026,21.1523,0.3056,9,0.3272,0.40965191
8477380,20232024,23.161,0.9128,108,0.7681,0.40947635
8477380,20242025,22.502,0.61,73,0.5583,0.39000467
8477380,20252026,22.65,0.7101,81,0.6221,0.41666732
8477384,20232024,21.257,0.3153,7,0.2452,0.37266824
8477384,20242025,19.381,0.0377,0,0.0063,0.3725491
8477384,20252026,,,,,
8477392,20232024,21.997,0.4079,27,0.3059,0.40082056
8477392,20242025,22.323,0.525,22,0.27,0.41287961
8477392,20252026,,,,,
8477401,20232024,20.373,0.0428,1,0.0313,0.45822447
8477401,20242025,21.857,0.3333,10,0.175,0.41690959
8477401,20252026,21.2072,0.1417,3,0.0619,0.39003889
8477402,20232024,23.149,0.9112,74,0.5938,0.43509823
8477402,20242025,22.231,0.4733,42,0.39,0.43986482
8477402,20252026,21.5365,0.2085,63,0.5098,0.42852892
8477404,20232024,22.558,0.7007,156,0.8997,0.47191186
8477404,20242025,22.197,0.4583,110,0.73,0.45160895
8477404,20252026,22.2569,0.5147,99,0.7085,0.43965417
8477406,20232024,22.87,0.8224,98,0.722,0.40890125
8477406,20242025,24.359,0.9933,163,0.885,0.38713641
8477406,20252026,22.7714,0.7655,61,0.5,0.37082757
8477407,20232024,23.319,0.9408,157,0.903,0.39480387
8477407,20242025,23.159,0.91,47,0.4217,0.41033839
8477407,20252026,22.6756,0.728,67,0.5309,0.39597378
8477409,20232024,23.221,0.926,188,0.9359,0.48234358
8477409,20242025,23.415,0.9567,233,0.9733,0.47710867
8477409,20252026,22.3955,0.5831,180,0.9186,0.45776027
8477416,20232024,21.788,0.301,67,0.5526,0.44687865
8477416,20242025,21.646,0.2433,61,0.505,0.43505025
8477416,20252026,21.9514,0.3632,82,0.627,0.44292648
8477425,20232024,23.876,0.9901,279,0.9852,0.40210398
8477425,20242025,24.817,1.0,134,0.81,0.40791586
8477425,20252026,23.7146,0.9739,167,0.8925,0.3758365
8477426,20232024,22.342,0.5789,97,0.7171,0.44635728
8477426,20242025,22.847,0.78,98,0.675,0.41726303
8477426,20252026,22.4939,0.6368,67,0.5309,0.42192549
8477429,20232024,22.175,0.5016,61,0.5313,0.38997504
8477429,20242025,22.805,0.7567,46,0.4183,0.38950588
8477429,20252026,22.4668,0.6238,116,0.772,0.39431827
8477435,20232024,20.838,0.1465,10,0.3153,0.40549292
8477435,20242025,21.345,0.3616,18,0.4654,0.42074151
8477435,20252026,21.338,0.3765,7,0.2778,0.42547906
8477444,20232024,22.355,0.5822,55,0.5066,0.44318126
8477444,20242025,22.74,0.7267,119,0.765,0.40888884
8477444,20252026,22.1743,0.4674,81,0.6221,0.42768246
8477446,20232024,21.76,0.2878,50,0.4737,0.41869057
8477446,20242025,22.128,0.4267,63,0.5167,0.40877131
8477446,20252026,22.1932,0.4821,85,0.6401,0.4069587
8477447,20232024,22.804,0.8949,44,0.7516,0.462771
8477447,20242025,22.511,0.8239,77,0.9119,0.46407506
8477447,20252026,22.2014,0.7222,53,0.8086,0.43144452
8477450,20232024,22.08,0.4622,98,0.722,0.3888143
8477450,20242025,22.456,0.5983,74,0.5667,0.37752707
8477450,20252026,22.4608,0.6173,78,0.6173,0.38122008
8477451,20232024,21.713,0.2697,47,0.4507,0.42964338
8477451,20242025,22.272,0.4983,50,0.435,0.41799158
8477451,20252026,22.3447,0.557,44,0.4137,0.43195304
8477454,20232024,22.035,0.4243,27,0.3059,0.42404653
8477454,20242025,,,,,
8477454,20252026,21.7665,0.2899,41,0.3974,0.40209988
8477456,20232024,22.89,0.8289,127,0.8141,0.4128548
8477456,20242025,22.535,0.6417,106,0.7117,0.38426509
8477456,20252026,22.3992,0.5847,158,0.8779,0.38620456
8477473,20232024,23.526,0.9655,147,0.8717,0.39188013
8477473,20242025,,,,,
8477473,20252026,,,,,
8477476,20232024,22.119,0.477,43,0.4293,0.44846673
8477476,20242025,22.193,0.4533,60,0.5,0.44054871
8477476,20252026,21.7031,0.2736,57,0.4756,0.42885011
8477478,20232024,22.97,0.8717,75,0.597,0.4220199
8477478,20242025,22.35,0.5383,61,0.505,0.46785747
8477478,20252026,22.6479,0.7068,119,0.7769,0.46780852
8477479,20232024,21.294,0.1579,29,0.3191,0.4294351
8477479,20242025,21.399,0.1683,20,0.2567,0.41536383
8477479,20252026,21.1149,0.1189,11,0.184,0.43029676
8477482,20232024,21.276,0.1546,19,0.2434,0.39815756
8477482,20242025,,,,,
8477482,20252026,,,,,
8477488,20232024,21.897,0.5701,28,0.5796,0.44894458
8477488,20242025,21.332,0.3522,18,0.4654,0.41642418
8477488,20252026,20.9217,0.2469,8,0.2963,0.39657427
8477492,20232024,24.05,0.9951,713,1.0,0.47409928
8477492,20242025,23.829,0.9817,547,1.0,0.47961458
8477492,20252026,24.7795,0.9984,455,0.9984,0.466145
8477493,20232024,22.445,0.6398,137,0.8372,0.48466876
8477493,20242025,22.493,0.6083,136,0.8183,0.47963222
8477493,20252026,,,,,
8477494,20232024,22.899,0.8405,147,0.8717,0.46779951
8477494,20242025,23.071,0.87,59,0.4933,0.48137875
8477494,20252026,22.121,0.4414,94,0.6824,0.43674244
8477495,20232024,23.182,0.9586,65,0.879,0.42331088
8477495,20242025,22.067,0.6321,30,0.6384,0.43627047
8477495,20252026,21.9921,0.6142,45,0.7593,0.44854643
8477496,20232024,22.058,0.4441,83,0.6365,0.42007666
8477496,20242025,21.919,0.355,68,0.5383,0.43176048
8477496,20252026,21.0082,0.0896,27,0.2997,0.41722294
8477497,20232024,22.371,0.6003,124,0.8092,0.44097976
8477497,20242025,21.691,0.2617,64,0.5217,0.42028012
8477497,20252026,21.9242,0.3469,112,0.7557,0.40858083
8477498,20232024,22.683,0.8599,94,0.9522,0.4157795
8477498,20242025,22.03,0.6258,94,0.9497,0.41584424
8477498,20252026,23.199,0.9599,101,0.9475,0.4011882
8477499,20232024,21.252,0.3121,13,0.3758,0.4266309
8477499,20242025,22.315,0.7547,42,0.7642,0.41357309
8477499,20252026,21.4156,0.4136,17,0.4599,0.4111302
8477500,20232024,22.426,0.6234,235,0.9704,0.43272544
8477500,20242025,23.525,0.9667,322,0.9883,0.43003824
8477500,20252026,23.0778,0.8697,190,0.9349,0.43653191
8477501,20232024,23.962,0.9934,137,0.8372,0.45943907
8477501,20242025,23.129,0.8967,134,0.81,0.45617526
8477501,20252026,23.5013,0.9463,186,0.9251,0.42997157
8477503,20232024,22.516,0.6842,111,0.7763,0.42122732
8477503,20242025,23.347,0.9483,113,0.7483,0.40948108
8477503,20252026,22.9456,0.8257,138,0.8306,0.40319153
8477504,20232024,21.873,0.5573,47,0.7771,0.46654861
8477504,20242025,23.055,0.9308,49,0.8208,0.45775598
8477504,20252026,21.8576,0.5741,53,0.8086,0.44266608
8477505,20232024,22.143,0.4803,69,0.5609,0.39600797
8477505,20242025,22.966,0.8267,92,0.6433,0.43200148
8477505,20252026,23.1058,0.8713,102,0.7166,0.43104829
8477506,20232024,21.676,0.4809,29,0.5955,0.39080757
8477506,20242025,22.561,0.8396,42,0.7642,0.40012155
8477506,20252026,22.8119,0.8981,34,0.6667,0.37991163
8477507,20232024,23.15,0.9522,62,0.8631,0.41471284
8477507,20242025,23.193,0.9434,70,0.8931,0.40253612
8477507,20252026,23.8442,0.9969,57,0.8302,0.38716434
8477508,20232024,22.357,0.5855,118,0.7944,0.38356118
8477508,20242025,23.14,0.9017,61,0.505,0.38485715
8477508,20252026,22.2288,0.5,56,0.4739,0.37564496
8477511,20232024,22.745,0.7714,137,0.8372,0.41405558
8477511,20242025,22.23,0.4717,22,0.27,0.41119935
8477511,20252026,22.8557,0.8062,96,0.6938,0.42968888
8477527,20232024,22.186,0.5082,39,0.4013,0.3925076
8477527,20242025,21.313,0.1483,15,0.215,0.37872457
8477527,20252026,21.6052,0.2427,37,0.3713,0.43289328
8477541,20232024,21.459,0.4013,15,0.4108,0.43982462
8477541,20242025,21.145,0.2673,1,0.0849,0.42220785
8477541,20252026,20.4741,0.1481,2,0.1543,0.41768406
8477573,20232024,22.107,0.472,51,0.4836,0.39905425
8477573,20242025,23.124,0.8917,73,0.5583,0.40971524
8477573,20252026,22.8202,0.7899,67,0.5309,0.39766577
8477810,20232024,21.793,0.5127,7,0.2452,0.41682093
8477810,20242025,21.218,0.2925,17,0.4497,0.42825144
8477810,20252026,20.8132,0.2253,14,0.3951,0.43832489
8477839,20232024,22.422,0.6184,70,0.5674,0.41792219
8477839,20242025,21.62,0.225,5,0.1083,0.38735475
8477839,20252026,22.4843,0.6303,51,0.4495,0.43810495
8477845,20232024,22.196,0.7166,36,0.6656,0.38304963
8477845,20242025,22.468,0.8176,20,0.5,0.40254679
8477845,20252026,22.0983,0.6605,30,0.6173,0.39824583
8477846,20232024,21.512,0.2122,25,0.2911,0.37905982
8477846,20242025,,,,,
8477846,20252026,,,,,
8477851,20232024,21.122,0.2548,8,0.2803,0.42805953
8477851,20242025,21.279,0.3396,23,0.5346,0.43537159
8477851,20252026,20.7532,0.2037,1,0.0772,0.37078546
8477887,20232024,21.272,0.153,8,0.1563,0.36536524
8477887,20242025,21.179,0.1083,19,0.2467,0.3879133
8477887,20252026,,,,,
8477903,20232024,22.523,0.6875,96,0.7089,0.40510159
8477903,20242025,22.561,0.6583,83,0.6083,0.37194379
8477903,20252026,22.4886,0.6319,57,0.4756,0.39243813
8477919,20232024,22.022,0.4178,66,0.5444,0.40453154
8477919,20242025,23.508,0.965,105,0.7067,0.3879404
8477919,20252026,21.9898,0.3795,62,0.5033,0.35713843
8477930,20232024,23.219,0.9243,25,0.2911,0.38240888
8477930,20242025,,,,,
8477930,20252026,,,,,
8477931,20232024,22.52,0.6859,23,0.273,0.38413575
8477931,20242025,22.071,0.4,37,0.3583,0.41844448
8477931,20252026,20.9452,0.0798,9,0.1629,0.39561842
8477932,20232024,21.046,0.2229,12,0.3599,0.44725251
8477932,20242025,21.332,0.3522,10,0.3302,0.45049681
8477932,20252026,21.6964,0.5093,22,0.5185,0.42328043
8477933,20232024,21.901,0.3487,78,0.6069,0.48131594
8477933,20242025,21.758,0.285,58,0.4883,0.47144325
8477933,20252026,22.5611,0.6645,37,0.3713,0.45283054
8477934,20232024,23.299,0.9359,221,0.9655,0.47786052
8477934,20242025,23.2,0.9233,202,0.9583,0.47960283
8477934,20252026,23.2764,0.9153,154,0.8713,0.46676374
8477935,20232024,22.48,0.6612,100,0.7352,0.46836554
8477935,20242025,22.398,0.5667,118,0.7633,0.45453398
8477935,20252026,22.2373,0.5065,98,0.702,0.45568797
8477938,20232024,22.15,0.7038,11,0.3408,0.38995993
8477938,20242025,22.568,0.8428,32,0.6635,0.40987574
8477938,20252026,23.1479,0.9537,40,0.716,0.38534924
8477939,20232024,22.355,0.5822,140,0.8503,0.44171928
8477939,20242025,22.636,0.6867,136,0.8183,0.44166033
8477939,20252026,23.4777,0.9446,112,0.7557,0.42563681
8477940,20232024,23.436,0.9556,215,0.9589,0.44119136
8477940,20242025,23.301,0.9433,153,0.865,0.44654771
8477940,20252026,23.1125,0.8779,182,0.9202,0.46897186
8477942,20232024,22.286,0.5543,91,0.6859,0.44780669
8477942,20242025,22.197,0.4583,110,0.73,0.44928398
8477942,20252026,21.612,0.2443,52,0.4544,0.44635948
8477944,20232024,22.748,0.7747,35,0.375,0.41485631
8477944,20242025,22.745,0.735,53,0.46,0.39503292
8477944,20252026,,,,,
8477946,20232024,22.62,0.7286,184,0.9243,0.44630049
8477946,20242025,22.81,0.7617,234,0.975,0.4480515
8477946,20252026,22.5092,0.6466,186,0.9251,0.42742197
8477947,20232024,22.615,0.727,147,0.8717,0.39550205
8477947,20242025,22.415,0.5733,6,0.1267,0.33767856
8477947,20252026,22.8738,0.8127,65,0.5212,0.42199333
8477948,20232024,22.061,0.6688,94,0.9522,0.41919106
8477948,20242025,22.421,0.7893,124,0.978,0.41280366
8477948,20252026,22.6985,0.8704,104,0.9506,0.40285977
8477949,20232024,22.985,0.8799,115,0.7862,0.42300501
8477949,20242025,22.551,0.65,143,0.8433,0.41937253
8477949,20252026,22.7886,0.7736,137,0.8274,0.40206233
8477950,20232024,22.637,0.8471,12,0.3599,0.4849127
8477950,20242025,21.829,0.5943,26,0.5849,0.44177564
8477950,20252026,22.4693,0.8117,59,0.8395,0.43401519
8477951,20232024,22.285,0.5526,94,0.6974,0.45320412
8477951,20242025,22.193,0.4533,134,0.81,0.46070747
8477951,20252026,23.2418,0.9072,208,0.9625,0.45426189
8477952,20232024,22.054,0.4391,24,0.2845,0.42373106
8477952,20242025,21.577,0.21,33,0.3433,0.37190672
8477952,20252026,21.5476,0.215,13,0.2036,0.39652634
8477953,20232024,23.371,0.9457,148,0.8816,0.39519413
8477953,20242025,23.091,0.8783,110,0.73,0.41437914
8477953,20252026,23.9216,0.9821,78,0.6173,0.39835382
8477955,20232024,22.744,0.7664,109,0.7714,0.44158667
8477955,20242025,22.338,0.5333,110,0.73,0.41462102
8477955,20252026,21.5089,0.1987,32,0.3436,0.45188243
8477956,20232024,22.512,0.6809,141,0.8536,0.45549501
8477956,20242025,22.37,0.5517,104,0.6983,0.45705273
8477956,20252026,21.5107,0.202,67,0.5309,0.4357081
8477960,20232024,23.534,0.9704,275,0.9836,0.43724444
8477960,20242025,23.262,0.935,267,0.9817,0.41959886
8477960,20252026,23.6984,0.9707,224,0.9723,0.43372728
8477962,20232024,22.756,0.7813,31,0.347,0.43668892
8477962,20242025,,,,,
8477962,20252026,,,,,
8477964,20232024,21.847,0.3257,43,0.4293,0.4293365
8477964,20242025,22.171,0.44,45,0.415,0.41710192
8477964,20252026,22.5419,0.6596,67,0.5309,0.42520911
8477969,20232024,20.865,0.1592,13,0.3758,0.4077671
8477969,20242025,21.459,0.4151,11,0.3459,0.40988149
8477969,20252026,20.7818,0.213,8,0.2963,0.37994294
8477971,20232024,23.232,0.965,35,0.6529,0.41980864
8477971,20242025,21.223,0.3019,8,0.283,0.42422878
8477971,20252026,20.8316,0.2315,1,0.0772,0.50408954
8477979,20232024,23.416,0.9539,194,0.9457,0.36754059
8477979,20242025,22.603,0.6767,45,0.415,0.41716819
8477979,20252026,22.5883,0.684,10,0.171,0.41426456
8477986,20232024,22.599,0.8439,72,0.9076,0.4838296
8477986,20242025,23.515,0.9686,140,0.9906,0.43704592
8477986,20252026,22.7198,0.8796,92,0.9383,0.43192615
8477987,20232024,21.788,0.301,57,0.5197,0.39784741
8477987,20242025,21.951,0.365,77,0.575,0.40576053
8477987,20252026,22.4803,0.627,64,0.513,0.41951084
8477989,20232024,22.445,0.6398,38,0.3914,0.36792529
8477989,20242025,22.522,0.6267,189,0.9433,0.37133473
8477989,20252026,22.3463,0.5603,199,0.9544,0.40732027
8477993,20232024,21.027,0.1086,3,0.0757,0.39316709
8477993,20242025,21.835,0.3183,18,0.2383,0.37078601
8477993,20252026,21.4441,0.1873,11,0.184,0.39048707
8477998,20232024,23.04,0.8947,132,0.8257,0.42572129
8477998,20242025,23.186,0.92,140,0.83,0.41048922
8477998,20252026,22.6957,0.7313,105,0.7296,0.39927303
8478010,20232024,24.148,0.9967,436,0.9967,0.45435314
8478010,20242025,23.759,0.9783,422,0.9967,0.45171407
8478010,20252026,23.4631,0.9414,315,0.9886,0.44791619
8478013,20232024,22.296,0.7516,39,0.6847,0.39838906
8478013,20242025,22.09,0.6447,48,0.8113,0.42427662
8478013,20252026,23.5201,0.9846,28,0.5895,0.41314063
8478017,20232024,22.003,0.6338,10,0.3153,0.45902558
8478017,20242025,19.625,0.0597,0,0.0063,0.42333124
8478017,20252026,,,,,
8478020,20232024,22.292,0.5576,89,0.6661,0.43462038
8478020,20242025,22.675,0.7033,80,0.59,0.41286861
8478020,20252026,22.2624,0.5163,105,0.7296,0.42060785
8478021,20232024,21.147,0.2643,6,0.2229,0.40920594
8478021,20242025,20.306,0.1069,3,0.1509,0.38004032
8478021,20252026,,,,,
8478028,20232024,22.531,0.6924,55,0.5066,0.39502319
8478028,20242025,,,,,
8478028,20252026,,,,,
8478038,20232024,22.802,0.8917,94,0.9522,0.41506096
8478038,20242025,22.613,0.8491,38,0.7233,0.42873615
8478038,20252026,22.1626,0.7037,55,0.8179,0.42534971
8478042,20232024,22.946,0.8651,22,0.2648,0.45931625
8478042,20242025,23.106,0.8867,122,0.7767,0.44323697
8478042,20252026,22.7079,0.7329,70,0.5554,0.41322629
8478043,20232024,23.362,0.9441,222,0.9671,0.41445489
8478043,20242025,22.867,0.785,99,0.6817,0.39973817
8478043,20252026,21.8013,0.298,26,0.2899,0.40828934
8478046,20232024,21.931,0.3684,67,0.5526,0.40661509
8478046,20242025,21.574,0.2083,22,0.27,0.42324771
8478046,20252026,21.3867,0.1743,36,0.3632,0.41298379
8478047,20232024,21.546,0.222,47,0.4507,0.47667848
8478047,20242025,22.197,0.4583,79,0.5867,0.46158911
8478047,20252026,22.5188,0.6515,76,0.6042,0.45677496
8478051,20232024,22.301,0.5609,30,0.3306,0.39661449
8478051,20242025,,,,,
8478051,20252026,,,,,
8478055,20232024,22.247,0.7357,90,0.949,0.43510618
8478055,20242025,22.158,0.673,83,0.9277,0.42861097
8478055,20252026,23.3358,0.966,74,0.9105,0.40866728
8478057,20232024,21.414,0.1826,33,0.3618,0.40672779
8478057,20242025,21.02,0.0833,22,0.27,0.40542977
8478057,20252026,21.2259,0.1466,23,0.2671,0.3852855
8478078,20232024,22.178,0.5033,52,0.4918,0.37518529
8478078,20242025,,,,,
8478078,20252026,,,,,
8478099,20232024,21.679,0.25,50,0.4737,0.40713326
8478099,20242025,21.732,0.2767,25,0.2983,0.40288083
8478099,20252026,,,,,
8478104,20232024,20.924,0.0921,6,0.1283,0.41166144
8478104,20242025,,,,,
8478104,20252026,20.3532,0.0342,4,0.0961,0.41985913
8478109,20232024,21.762,0.2895,32,0.352,0.41003416
8478109,20242025,21.8,0.3033,52,0.4533,0.43851851
8478109,20252026,22.7342,0.7476,108,0.7394,0.45080475
8478115,20232024,22.678,0.7533,252,0.977,0.41475536
8478115,20242025,23.004,0.845,158,0.87,0.40758196
8478115,20252026,,,,,
8478133,20232024,22.186,0.5082,112,0.7796,0.36155631
8478133,20242025,23.191,0.9217,170,0.91,0.37211293
8478133,20252026,22.2343,0.5049,85,0.6401,0.37047094
8478136,20232024,22.131,0.6943,33,0.6369,0.3980293
8478136,20242025,22.634,0.8585,28,0.6132,0.38660842
8478136,20252026,21.7478,0.534,38,0.6975,0.38966266
8478146,20232024,20.941,0.097,6,0.1283,0.3764002
8478146,20242025,22.175,0.4433,24,0.2917,0.38966756
8478146,20252026,,,,,
8478147,20232024,21.704,0.2615,4,0.0938,0.41273279
8478147,20242025,22.529,0.6367,17,0.2283,0.40000805
8478147,20252026,21.4201,0.1775,1,0.0228,0.48758402
8478178,20232024,22.006,0.6401,42,0.7166,0.43482859
8478178,20242025,21.684,0.5063,40,0.7484,0.44675089
8478178,20252026,21.151,0.3025,46,0.7685,0.45547598
8478211,20232024,21.173,0.1283,14,0.2056,0.42868913
8478211,20242025,21.699,0.265,5,0.1083,0.41524139
8478211,20252026,20.1923,0.0261,2,0.0407,0.34450011
8478233,20232024,22.775,0.7911,105,0.7599,0.41307327
8478233,20242025,22.538,0.645,106,0.7117,0.41386671
8478233,20252026,22.5522,0.6612,54,0.4658,0.41196639
8478366,20232024,23.489,0.9638,151,0.8882,0.39497022
8478366,20242025,23.386,0.9517,174,0.9167,0.41726562
8478366,20252026,22.9464,0.8274,49,0.4397,0.4145969
8478396,20232024,22.78,0.8854,79,0.9236,0.41726895
8478396,20242025,22.991,0.9245,91,0.9403,0.43120412
8478396,20252026,23.4488,0.9753,81,0.9259,0.43256397
8478397,20232024,22.147,0.7006,50,0.8089,0.44188875
8478397,20242025,22.207,0.7107,50,0.8239,0.41931467
8478397,20252026,21.8433,0.5586,61,0.8488,0.42504309
8478398,20232024,22.861,0.8191,145,0.8651,0.45203444
8478398,20242025,22.637,0.69,168,0.9017,0.44218157
8478398,20252026,22.1591,0.4577,162,0.8811,0.43411542
8478399,20232024,22.577,0.8344,29,0.5955,0.40394757
8478399,20242025,21.49,0.4308,11,0.3459,0.39922374
8478399,20252026,21.2146,0.321,28,0.5895,0.39299742
8478400,20232024,22.089,0.4671,34,0.3668,0.39440854
8478400,20242025,,,,,
8478400,20252026,,,,,
8478401,20232024,22.673,0.7484,89,0.6661,0.43156917
8478401,20242025,22.172,0.4417,95,0.6633,0.43044062
8478401,20252026,22.3939,0.5798,62,0.5033,0.42379236
8478402,20232024,24.191,0.9984,456,0.9984,0.49650614
8478402,20242025,23.969,0.9867,442,0.9983,0.49282734
8478402,20252026,24.6119,0.9967,681,1.0,0.47687929
8478403,20232024,23.207,0.9211,235,0.9704,0.43866758
8478403,20242025,23.496,0.9633,348,0.99,0.43454893
8478403,20252026,23.0317,0.8485,370,0.9951,0.45249133
8478407,20232024,22.582,0.8376,40,0.6975,0.45829952
8478407,20242025,21.403,0.3868,43,0.7767,0.44443254
8478407,20252026,21.6453,0.4784,31,0.6296,0.43692323
8478408,20232024,21.36,0.3535,14,0.3981,0.37334473
8478408,20242025,20.988,0.2358,1,0.0849,0.40731013
8478408,20252026,,,,,
8478409,20232024,22.989,0.8816,30,0.3306,0.36354566
8478409,20242025,22.741,0.73,64,0.5217,0.42810561
8478409,20252026,20.4769,0.0375,3,0.0619,0.45757652
8478413,20232024,21.716,0.2714,33,0.3618,0.38167766
8478413,20242025,21.235,0.1267,25,0.2983,0.39686071
8478413,20252026,21.8269,0.3078,29,0.3208,0.37366516
8478414,20232024,23.29,0.9342,103,0.7451,0.41937903
8478414,20242025,22.438,0.59,125,0.7917,0.43163234
8478414,20252026,22.4349,0.6042,111,0.7508,0.43230138
8478416,20232024,21.869,0.5541,25,0.5318,0.39381033
8478416,20242025,21.936,0.6038,38,0.7233,0.39285876
8478416,20252026,22.225,0.7284,40,0.716,0.3929873
8478420,20232024,22.32,0.5691,99,0.7336,0.46538321
8478420,20242025,22.886,0.7933,81,0.5983,0.46530299
8478420,20252026,22.839,0.798,75,0.5961,0.44508354
8478421,20232024,21.791,0.3043,40,0.4079,0.40879098
8478421,20242025,22.502,0.61,80,0.59,0.42553176
8478421,20252026,21.9786,0.373,84,0.6368,0.42402315
8478424,20232024,22.361,0.5888,82,0.6266,0.41193848
8478424,20242025,22.903,0.8067,116,0.7583,0.36467908
8478424,20252026,23.951,0.9853,83,0.6352,0.41552695
8478427,20232024,22.861,0.8191,192,0.9424,0.48361285
8478427,20242025,22.237,0.48,115,0.7567,0.50154907
8478427,20252026,22.1803,0.4707,128,0.8127,0.48226122
8478430,20232024,22.438,0.7866,47,0.7771,0.4263472
8478430,20242025,23.051,0.9277,25,0.566,0.42192335
8478430,20252026,,,,,
8478432,20232024,22.495,0.6678,79,0.6168,0.38103536
8478432,20242025,22.161,0.4367,51,0.44,0.37625755
8478432,20252026,,,,,
8478434,20232024,22.465,0.6464,132,0.8257,0.4028115
8478434,20242025,22.797,0.755,120,0.7683,0.42041011
8478434,20252026,22.3777,0.5749,126,0.8046,0.41371502
8478438,20232024,21.937,0.375,90,0.6776,0.47943905
8478438,20242025,22.502,0.61,70,0.55,0.46100789
8478438,20252026,21.8682,0.3274,89,0.6596,0.43489414
8478439,20232024,22.582,0.7138,150,0.8865,0.45137148
8478439,20242025,22.905,0.8083,147,0.855,0.43333449
8478439,20252026,22.3456,0.5586,109,0.741,0.43283417
8478440,20232024,21.891,0.3388,23,0.273,0.42932416
8478440,20242025,21.638,0.2367,36,0.35,0.44165727
8478440,20252026,22.0195,0.3876,28,0.3127,0.42784271
8478443,20232024,21.929,0.5892,31,0.6146,0.38480273
8478443,20242025,22.217,0.7201,11,0.3459,0.39104905
8478443,20252026,21.7409,0.5278,15,0.4198,0.38366821
8478444,20232024,21.45,0.1891,51,0.4836,0.47173399
8478444,20242025,21.755,0.2817,44,0.4117,0.4452038
8478444,20252026,21.5687,0.2264,28,0.3127,0.42996973
8478445,20232024,23.529,0.9688,337,0.9901,0.43732373
8478445,20242025,22.781,0.7483,101,0.6883,0.4592326
8478445,20252026,22.4755,0.6254,313,0.987,0.45423223
8478449,20232024,23.594,0.9753,402,0.9951,0.44925847
8478449,20242025,23.698,0.975,363,0.9917,0.41607375
8478449,20252026,23.607,0.9593,259,0.9805,0.44780085
8478450,20232024,21.006,0.1975,11,0.3408,0.4092687
8478450,20242025,21.2,0.2893,12,0.3711,0.42596717
8478450,20252026,21.6934,0.5031,23,0.5247,0.41136969
8478451,20232024,21.201,0.2834,9,0.3057,0.37543265
8478451,20242025,,,,,
8478451,20252026,,,,,
8478452,20232024,21.013,0.2038,10,0.3153,0.42837078
8478452,20242025,20.778,0.1887,2,0.1321,0.44953618
8478452,20252026,20.8569,0.2377,2,0.1543,0.40342946
8478454,20232024,20.743,0.1369,4,0.1656,0.41157874
8478454,20242025,20.831,0.1981,5,0.2138,0.39351328
8478454,20252026,20.4287,0.1358,5,0.25,0.41280778
8478458,20232024,22.787,0.7944,174,0.9178,0.40842544
8478458,20242025,22.889,0.7983,144,0.8483,0.46832579
8478458,20252026,22.7621,0.7606,186,0.9251,0.43310298
8478460,20232024,23.502,0.9841,89,0.9459,0.42599524
8478460,20242025,23.081,0.934,162,0.9937,0.42853879
8478460,20252026,23.0635,0.9352,123,0.9691,0.44233128
8478462,20232024,21.049,0.1135,25,0.2911,0.42394549
8478462,20242025,21.283,0.14,28,0.3283,0.42695542
8478462,20252026,20.9734,0.0847,30,0.329,0.40696593
8478463,20232024,22.604,0.7237,103,0.7451,0.41435853
8478463,20242025,22.779,0.745,140,0.83,0.41949398
8478463,20252026,22.9965,0.8388,162,0.8811,0.39197239
8478466,20232024,22.429,0.6316,113,0.7829,0.42025164
8478466,20242025,22.026,0.39,52,0.4533,0.44538604
8478466,20252026,,,,,
8478468,20232024,22.196,0.7166,68,0.8917,0.42475261
8478468,20242025,22.174,0.6918,32,0.6635,0.41147422
8478468,20252026,22.5101,0.8302,51,0.7932,0.41004463
8478469,20232024,22.824,0.8981,66,0.8822,0.44986105
8478469,20242025,22.336,0.7642,74,0.9057,0.44824042
8478469,20252026,22.2586,0.7346,57,0.8302,0.47046425
8478472,20232024,22.845,0.8141,143,0.8569,0.40113112
8478472,20242025,23.041,0.8567,79,0.5867,0.40524866
8478472,20252026,22.7846,0.7704,85,0.6401,0.41095462
8478474,20232024,22.933,0.8586,86,0.6497,0.38638147
8478474,20242025,22.312,0.5183,93,0.6517,0.40756784
8478474,20252026,22.8303,0.7932,155,0.873,0.40047683
8478477,20232024,22.493,0.6628,28,0.3125,0.342658
8478477,20242025,22.556,0.655,40,0.38,0.36935845
8478477,20252026,,,,,
8478483,20232024,21.727,0.2747,40,0.4079,0.43781303
8478483,20242025,23.559,0.9683,86,0.62,0.42171878
8478483,20252026,22.0052,0.3844,51,0.4495,0.45632691
8478493,20232024,21.947,0.3799,90,0.6776,0.44726888
8478493,20242025,22.827,0.77,52,0.4533,0.4361633
8478493,20252026,22.4356,0.6059,95,0.6873,0.44346088
8478495,20232024,23.305,0.9375,68,0.5576,0.4224709
8478495,20242025,,,,,
8478495,20252026,,,,,
8478498,20232024,22.152,0.4885,122,0.8059,0.41785431
8478498,20242025,22.763,0.7383,140,0.83,0.42997338
8478498,20252026,23.5296,0.9528,168,0.8941,0.43024745
8478500,20232024,21.6,0.4618,62,0.8631,0.37937204
8478500,20242025,22.257,0.7358,62,0.8679,0.39032764
8478500,20252026,22.1319,0.6821,56,0.8241,0.391662
8478502,20232024,21.228,0.2962,10,0.3153,0.42780688
8478502,20242025,20.629,0.1509,1,0.0849,0.44149351
8478502,20252026,20.0225,0.0864,1,0.0772,0.44059183
8478507,20232024,22.718,0.8758,57,0.8376,0.39208527
8478507,20242025,21.371,0.3742,24,0.544,0.41352142
8478507,20252026,22.4392,0.7932,61,0.8488,0.41335983
8478508,20232024,22.08,0.4622,118,0.7944,0.41413428
8478508,20242025,22.757,0.7367,129,0.8,0.3939163
8478508,20252026,22.9592,0.8339,169,0.9007,0.37823314
8478512,20232024,21.606,0.2336,23,0.273,0.39438244
8478512,20242025,,,,,
8478512,20252026,,,,,
8478519,20232024,22.978,0.875,156,0.8997,0.41076927
8478519,20242025,23.151,0.905,121,0.775,0.41422181
8478519,20252026,22.4455,0.6124,88,0.658,0.40480245
8478542,20232024,22.068,0.449,116,0.7878,0.46855311
8478542,20242025,22.948,0.8233,101,0.6883,0.45002586
8478542,20252026,22.0569,0.4023,73,0.5798,0.43776128
8478550,20232024,22.049,0.4342,55,0.5066,0.48168005
8478550,20242025,21.834,0.3167,62,0.5133,0.46608278
8478550,20252026,21.8841,0.3306,57,0.4756,0.46039038
8478569,20232024,20.916,0.0905,21,0.2582,0.35804549
8478569,20242025,20.973,0.075,17,0.2283,0.37435871
8478569,20252026,21.1495,0.127,22,0.2622,0.377533
8478585,20232024,21.926,0.3651,49,0.4671,0.40144617
8478585,20242025,21.328,0.1533,24,0.2917,0.41085487
8478585,20252026,,,,,
8478831,20232024,21.573,0.2253,39,0.4013,0.40006615
8478831,20242025,21.639,0.2383,41,0.385,0.36717549
8478831,20252026,21.562,0.2231,26,0.2899,0.37354946
8478840,20232024,23.121,0.9395,58,0.8471,0.39957763
8478840,20242025,22.626,0.8522,54,0.8396,0.39156673
8478840,20252026,22.3016,0.75,48,0.7809,0.40546841
8478851,20232024,21.636,0.465,47,0.7771,0.43996309
8478851,20242025,21.6,0.4874,39,0.739,0.39480092
8478851,20252026,21.6939,0.5062,27,0.5741,0.39492476
8478854,20232024,20.475,0.1019,5,0.1815,0.41400184
8478854,20242025,21.322,0.3459,13,0.3868,0.42558098
8478854,20252026,21.5949,0.466,27,0.5741,0.40283954
8478856,20232024,22.363,0.5905,137,0.8372,0.46101843
8478856,20242025,22.879,0.7917,142,0.84,0.44984053
8478856,20252026,22.8673,0.8094,102,0.7166,0.40959483
8478859,20232024,22.56,0.8248,64,0.8694,0.4378837
8478859,20242025,22.859,0.9025,96,0.956,0.43452787
8478859,20252026,22.0865,0.6543,67,0.8827,0.42064236
8478864,20232024,22.635,0.7385,104,0.7566,0.46995423
8478864,20242025,21.604,0.2183,49,0.4317,0.44715415
8478864,20252026,22.4285,0.601,89,0.6596,0.45915635
8478873,20232024,22.077,0.4605,105,0.7599,0.42322512
8478873,20242025,22.592,0.6733,181,0.9283,0.42761446
8478873,20252026,22.5831,0.6808,73,0.5798,0.44781067
8478874,20232024,19.487,0.0115,0,0.0016,0.51054291
8478874,20242025,21.824,0.3133,32,0.3417,0.45180814
8478874,20252026,23.4071,0.9349,43,0.4088,0.41448633
8478882,20232024,21.878,0.5605,55,0.8312,0.39749087
8478882,20242025,21.992,0.6195,30,0.6384,0.39397462
8478882,20252026,23.0396,0.9259,37,0.6852,0.42072429
8478891,20232024,22.5,0.6711,126,0.8109,0.40018662
8478891,20242025,23.085,0.8767,103,0.695,0.39854989
8478891,20252026,22.0765,0.4137,93,0.6759,0.38178705
8478904,20232024,22.444,0.6382,65,0.5411,0.43349707
8478904,20242025,22.377,0.5567,110,0.73,0.39305793
8478904,20252026,22.7217,0.741,97,0.6971,0.36572662
8478911,20232024,22.714,0.8694,42,0.7166,0.40163019
8478911,20242025,23.199,0.9497,40,0.7484,0.390046
8478911,20252026,22.0535,0.642,46,0.7685,0.38878312
8478970,20232024,23.066,0.9299,100,0.965,0.47242687
8478970,20242025,22.663,0.8616,87,0.934,0.45988217
8478970,20252026,22.4487,0.7963,50,0.787,0.44185475
8478975,20232024,21.613,0.2368,20,0.2484,0.42998499
8478975,20242025,21.783,0.295,17,0.2283,0.43241885
8478975,20252026,21.5105,0.2003,26,0.2899,0.43364434
8479022,20232024,,,,,
8479022,20242025,22.21,0.4667,17,0.2283,0.42451279
8479022,20252026,22.0254,0.3893,34,0.3599,0.39433526
8479026,20232024,20.978,0.1911,5,0.1815,0.43831284
8479026,20242025,21.345,0.3616,18,0.4654,0.40690196
8479026,20252026,22.2227,0.7253,29,0.6049,0.38993281
8479066,20232024,23.528,0.9671,94,0.6974,0.42762156
8479066,20242025,22.773,0.7417,83,0.6083,0.41390648
8479066,20252026,22.8722,0.8111,52,0.4544,0.40580384
8479291,20232024,21.897,0.3438,70,0.5674,0.35711484
8479291,20242025,22.105,0.4117,93,0.6517,0.3874903
8479291,20252026,20.5352,0.044,1,0.0228,0.3734822
8479293,20232024,23.804,0.9868,157,0.903,0.36172071
8479293,20242025,23.097,0.88,166,0.8967,0.37373148
8479293,20252026,22.9856,0.8371,98,0.702,0.39918048
8479314,20232024,21.806,0.3125,22,0.2648,0.49822125
8479314,20242025,20.704,0.0533,6,0.1267,0.47517175
8479314,20252026,20.3364,0.0293,2,0.0407,0.47425576
8479315,20232024,21.531,0.2188,27,0.3059,0.40106782
8479315,20242025,21.427,0.175,8,0.155,0.39527689
8479315,20252026,,,,,
8479316,20232024,21.71,0.2681,50,0.4737,0.35732225
8479316,20242025,22.38,0.56,82,0.6033,0.36886047
8479316,20252026,21.9468,0.3567,66,0.5277,0.38090947
8479318,20232024,22.466,0.6513,116,0.7878,0.45622468
8479318,20242025,22.505,0.615,78,0.58,0.42922879
8479318,20252026,22.1034,0.4332,65,0.5212,0.41922034
8479323,20232024,21.246,0.3057,13,0.3758,0.46787086
8479323,20242025,21.328,0.3491,8,0.283,0.46596786
8479323,20252026,21.0762,0.2809,15,0.4198,0.48021838
8479324,20232024,21.592,0.4554,53,0.8153,0.40154687
8479324,20242025,22.128,0.6572,39,0.739,0.40832356
8479324,20252026,21.5886,0.463,26,0.5494,0.38438913
8479325,20232024,22.566,0.8312,73,0.914,0.44308019
8479325,20242025,21.583,0.478,32,0.6635,0.45060762
8479325,20252026,22.3564,0.7716,75,0.9136,0.41476692
8479328,20232024,23.576,0.9737,97,0.7171,0.36796269
8479328,20242025,20.571,0.0433,2,0.05,0.51575781
8479328,20252026,,,,,
8479336,20232024,22.326,0.5707,96,0.7089,0.40780053
8479336,20242025,23.125,0.8933,99,0.6817,0.39976584
8479336,20252026,22.6584,0.7182,87,0.6515,0.40394452
8479337,20232024,21.684,0.2533,88,0.6579,0.45105309
8479337,20242025,22.524,0.6317,98,0.675,0.44252785
8479337,20252026,22.6395,0.6987,115,0.7687,0.43496437
8479339,20232024,21.852,0.3289,39,0.4013,0.4162588
8479339,20242025,21.793,0.2983,41,0.385,0.44126925
8479339,20252026,20.1742,0.0244,2,0.0407,0.43774171
8479343,20232024,22.048,0.4309,93,0.6924,0.44996346
8479343,20242025,23.168,0.9133,96,0.665,0.46207802
8479343,20252026,22.8138,0.7818,147,0.8599,0.46601402
8479344,20232024,22.471,0.6563,34,0.3668,0.41248572
8479344,20242025,22.656,0.6967,72,0.5567,0.43986796
8479344,20252026,,,,,
8479345,20232024,22.846,0.9013,79,0.9236,0.43339159
8479345,20242025,22.524,0.827,53,0.8365,0.43331887
8479345,20252026,23.0807,0.9383,91,0.9352,0.44158105
8479346,20232024,22.465,0.6464,64,0.5362,0.41674587
8479346,20242025,,,,,
8479346,20252026,,,,,
8479351,20232024,22.273,0.5444,114,0.7845,0.41190923
8479351,20242025,23.066,0.865,109,0.725,0.41156729
8479351,20252026,22.0674,0.4104,77,0.6107,0.4025749
8479353,20232024,22.267,0.5411,98,0.722,0.37738657
8479353,20242025,22.74,0.7267,181,0.9283,0.40201302
8479353,20252026,23.202,0.9023,173,0.9088,0.40843486
8479356,20232024,,,,,
8479356,20242025,21.682,0.2567,12,0.1967,0.4317189
8479356,20252026,,,,,
8479359,20232024,23.629,0.9786,239,0.9737,0.34455002
8479359,20242025,22.826,0.7667,120,0.7683,0.39096956
8479359,20252026,24.9389,1.0,197,0.9511,0.39205861
8479362,20232024,21.065,0.1151,8,0.1563,0.41373034
8479362,20242025,22.364,0.5467,6,0.1267,0.38351976
8479362,20252026,20.4971,0.0391,5,0.1124,0.39233544
8479365,20232024,22.75,0.7763,89,0.6661,0.40853926
8479365,20242025,22.049,0.3967,66,0.5333,0.43257908
8479365,20252026,22.6387,0.6971,82,0.627,0.389568
8479367,20232024,23.317,0.9391,49,0.4671,0.42154818
8479367,20242025,,,,,
8479367,20252026,,,,,
8479368,20232024,22.959,0.8684,132,0.8257,0.40520859
8479368,20242025,22.209,0.465,50,0.435,0.38636404
8479368,20252026,22.3575,0.5651,41,0.3974,0.41127534
8479369,20232024,21.396,0.3694,14,0.3981,0.39070014
8479369,20242025,21.277,0.3333,20,0.5,0.4087819
8479369,20252026,20.9124,0.2438,16,0.4444,0.3939806
8479370,20232024,21.342,0.1645,16,0.2204,0.38565433
8479370,20242025,22.19,0.4483,23,0.2783,0.46983695
8479370,20252026,21.8501,0.3192,92,0.671,0.41753515
8479371,20232024,20.855,0.1561,6,0.2229,0.43918231
8479371,20242025,20.977,0.2296,9,0.2987,0.39556327
8479371,20252026,21.2578,0.3333,11,0.3611,0.39509543
8479372,20232024,22.037,0.6592,26,0.5541,0.44094798
8479372,20242025,21.788,0.5692,31,0.6509,0.39875561
8479372,20252026,21.3902,0.3951,15,0.4198,0.39910574
8479378,20232024,21.031,0.2102,4,0.1656,0.41881176
8479378,20242025,20.938,0.2233,10,0.3302,0.40233177
8479378,20252026,21.2591,0.3364,8,0.2963,0.42007259
8479379,20232024,21.924,0.3635,30,0.3306,0.368152
8479379,20242025,22.125,0.4217,13,0.2,0.3546128
8479379,20252026,,,,,
8479383,20232024,22.41,0.6102,50,0.4737,0.39956188
8479383,20242025,,,,,
8479383,20252026,21.0925,0.1091,6,0.127,0.43817354
8479385,20232024,22.563,0.7072,207,0.9539,0.44483029
8479385,20242025,23.14,0.9017,159,0.875,0.43972968
8479385,20252026,23.0397,0.8583,142,0.8502,0.45218165
8479387,20232024,,,,,
8479387,20242025,21.335,0.3585,7,0.2642,0.43245677
8479387,20252026,18.8428,0.0062,0,0.0031,0.36428733
8479390,20232024,21.981,0.3997,76,0.6003,0.40728319
8479390,20242025,22.92,0.8117,134,0.81,0.40619848
8479390,20252026,22.9548,0.8322,87,0.6515,0.41257879
8479393,20232024,22.975,0.8734,173,0.9161,0.39436638
8479393,20242025,22.794,0.7533,104,0.6983,0.38308313
8479393,20252026,22.6712,0.7248,76,0.6042,0.41041405
8479395,20232024,,,,,
8479395,20242025,20.501,0.1321,2,0.1321,0.42956504
8479395,20252026,19.9585,0.0679,0,0.0031,0.42152753
8479398,20232024,23.43,0.9777,103,0.9745,0.42688245
8479398,20242025,22.747,0.8774,69,0.8868,0.42541243
8479398,20252026,21.4485,0.4198,38,0.6975,0.42231749
8479400,20232024,22.611,0.7253,144,0.8618,0.42779325
8479400,20242025,22.853,0.7817,143,0.8433,0.4120807
8479400,20252026,21.6538,0.2606,44,0.4137,0.42244429
8479402,20232024,21.471,0.4108,35,0.6529,0.39871706
8479402,20242025,22.149,0.6667,15,0.4214,0.44080616
8479402,20252026,21.6605,0.4877,8,0.2963,0.43461547
8479407,20232024,23.128,0.9079,220,0.9638,0.44656559
8479407,20242025,22.68,0.705,174,0.9167,0.44421494
8479407,20252026,22.6462,0.7052,173,0.9088,0.45528424
8479410,20232024,21.823,0.5318,20,0.4809,0.41305099
8479410,20242025,22.396,0.7767,41,0.7579,0.43450773
8479410,20252026,23.8361,0.9938,87,0.929,0.43833252
8479414,20232024,21.935,0.3717,36,0.3799,0.40263004
8479414,20242025,21.623,0.2267,44,0.4117,0.41202529
8479414,20252026,21.0604,0.0977,15,0.2248,0.428935
8479415,20232024,22.556,0.699,148,0.8816,0.3942614
8479415,20242025,,,,,
8479415,20252026,,,,,
8479420,20232024,22.901,0.8438,108,0.7681,0.43484153
8479420,20242025,22.814,0.765,124,0.7867,0.43466151
8479420,20252026,22.8454,0.7997,176,0.9137,0.4437141
8479421,20232024,20.939,0.1783,7,0.2452,0.38749074
8479421,20242025,20.407,0.1164,3,0.1509,0.41691014
8479421,20252026,19.9974,0.0741,0,0.0031,0.41326791
8479423,20232024,22.063,0.4474,32,0.352,0.42184793
8479423,20242025,20.49,0.0383,5,0.1083,0.4623885
8479423,20252026,,,,,
8479425,20232024,21.793,0.5127,39,0.6847,0.43755403
8479425,20242025,21.575,0.4717,37,0.7075,0.43235201
8479425,20252026,22.0765,0.6512,42,0.7284,0.41537869
8479439,20232024,23.13,0.949,33,0.6369,0.41867694
8479439,20242025,,,,,
8479439,20252026,,,,,
8479442,20232024,21.534,0.4331,31,0.6146,0.40577417
8479442,20242025,21.508,0.4403,33,0.6824,0.41156693
8479442,20252026,22.1566,0.7006,34,0.6667,0.39197348
8479458,20232024,21.066,0.2325,7,0.2452,0.39335767
8479458,20242025,,,,,
8479458,20252026,,,,,
8479514,20232024,21.584,0.2286,12,0.1875,0.43064626
8479514,20242025,,,,,
8479514,20252026,,,,,
8479520,20232024,22.796,0.7993,137,0.8372,0.38945777
8479520,20242025,23.056,0.8617,169,0.9083,0.3665954
8479520,20252026,23.304,0.9235,119,0.7769,0.37830305
8479523,20232024,,,,,
8479523,20242025,22.097,0.6478,5,0.2138,0.40642265
8479523,20252026,,,,,
8479525,20232024,22.982,0.8766,240,0.9753,0.4250339
8479525,20242025,22.191,0.45,106,0.7117,0.43816681
8479525,20252026,23.1396,0.886,194,0.9446,0.43200149
8479533,20232024,22.046,0.4293,5,0.1086,0.35383706
8479533,20242025,22.958,0.825,22,0.27,0.40354598
8479533,20252026,21.6501,0.259,12,0.1922,0.41723134
8479536,20232024,23.178,0.9145,40,0.4079,0.42495388
8479536,20242025,,,,,
8479536,20252026,,,,,
8479542,20232024,22.943,0.8618,157,0.903,0.41342247
8479542,20242025,23.204,0.925,191,0.9467,0.42670546
8479542,20252026,23.2225,0.9039,166,0.8909,0.42852631
8479543,20232024,22.514,0.6826,52,0.4918,0.38568809
8479543,20242025,21.778,0.2917,36,0.35,0.42102326
8479543,20252026,21.8319,0.3094,10,0.171,0.38447641
8479546,20232024,21.74,0.278,38,0.3914,0.38966296
8479546,20242025,,,,,
8479546,20252026,,,,,
8479547,20232024,21.917,0.3602,41,0.4161,0.37527971
8479547,20242025,,,,,
8479547,20252026,,,,,
8479576,20232024,22.905,0.9108,29,0.5955,0.4073087
8479576,20242025,21.767,0.5597,13,0.3868,0.42047571
8479576,20252026,22.1563,0.6975,13,0.3889,0.38475635
8479591,20232024,23.687,0.9836,135,0.8322,0.42530764
8479591,20242025,22.887,0.795,120,0.7683,0.40975485
8479591,20252026,22.5057,0.645,45,0.4235,0.41562932
8479619,20232024,22.544,0.6941,117,0.7928,0.38893722
8479619,20242025,23.29,0.9383,131,0.8017,0.41440566
8479619,20252026,23.9461,0.9837,205,0.9593,0.42990738
8479638,20232024,21.186,0.1316,12,0.1875,0.42982702
8479638,20242025,21.288,0.1433,36,0.35,0.43076628
8479638,20252026,21.4673,0.1906,37,0.3713,0.40915916
8479661,20232024,22.495,0.6678,81,0.6234,0.41926078
8479661,20242025,22.482,0.605,59,0.4933,0.40266329
8479661,20252026,22.3735,0.5733,107,0.7345,0.39534263
8479671,20232024,21.698,0.2599,42,0.4227,0.39471252
8479671,20242025,22.728,0.725,61,0.505,0.38638548
8479671,20252026,21.8121,0.2997,54,0.4658,0.40752554
8479675,20232024,23.191,0.9161,169,0.9145,0.41413995
8479675,20242025,22.377,0.5567,92,0.6433,0.41002498
8479675,20252026,24.2194,0.9902,138,0.8306,0.40740957
8479718,20232024,21.208,0.1431,8,0.1563,0.43070956
8479718,20242025,19.878,0.0133,0,0.0,0.4313798
8479718,20252026,19.2635,0.0,0,0.0,0.55729064
8479772,20232024,22.858,0.8158,45,0.4441,0.40948738
8479772,20242025,21.855,0.3317,37,0.3583,0.46033388
8479772,20252026,21.2204,0.145,3,0.0619,0.51843773
8479941,20232024,22.929,0.8569,211,0.9572,0.3954691
8479941,20242025,22.636,0.6867,163,0.885,0.38950134
8479941,20252026,21.0409,0.0961,3,0.0619,0.35836834
8479944,20232024,22.802,0.8026,5,0.1086,0.34053122
8479944,20242025,22.711,0.7167,208,0.9633,0.38460743
8479944,20252026,22.213,0.4935,46,0.43,0.37878109
8479968,20232024,22.922,0.852,70,0.5674,0.395234
8479968,20242025,22.472,0.6017,43,0.3967,0.42353511
8479968,20252026,,,,,
8479972,20232024,20.959,0.102,9,0.1661,0.38669596
8479972,20242025,,,,,
8479972,20252026,,,,,
8479976,20232024,22.276,0.7452,27,0.5669,0.41193933
8479976,20242025,21.802,0.5786,26,0.5849,0.41698118
8479976,20252026,,,,,
8479977,20232024,21.973,0.3947,75,0.597,0.4532475
8479977,20242025,22.983,0.8333,20,0.2567,0.44392266
8479977,20252026,22.1022,0.43,69,0.5489,0.41205681
8479980,20232024,21.345,0.3471,15,0.4108,0.42244127
8479980,20242025,20.665,0.1604,11,0.3459,0.40691241
8479980,20252026,22.3545,0.7685,15,0.4198,0.42716455
8479981,20232024,22.465,0.6464,36,0.3799,0.43144734
8479981,20242025,21.945,0.3633,30,0.3333,0.44360091
8479981,20252026,21.3979,0.1759,12,0.1922,0.39579517
8479982,20232024,20.236,0.0796,3,0.1433,0.43997297
8479982,20242025,20.775,0.1855,16,0.4403,0.41894582
8479982,20252026,21.0118,0.2685,11,0.3611,0.37836004
8479983,20232024,22.376,0.7739,71,0.9045,0.36339095
8479983,20242025,22.354,0.7673,58,0.8585,0.38226675
8479983,20252026,21.3738,0.3889,33,0.6512,0.37634951
8479985,20232024,20.196,0.0764,1,0.0573,0.55544099
8479985,20242025,20.674,0.1667,5,0.2138,0.40259634
8479985,20252026,21.1493,0.2994,10,0.3488,0.38388221
8479987,20232024,22.677,0.7516,41,0.4161,0.42512908
8479987,20242025,23.016,0.8467,49,0.4317,0.44026472
8479987,20252026,22.1836,0.4756,64,0.513,0.42661545
8479992,20232024,22.094,0.4688,103,0.7451,0.39427238
8479992,20242025,23.294,0.9417,124,0.7867,0.41502089
8479992,20252026,22.2454,0.5114,93,0.6759,0.38814422
8479994,20232024,22.305,0.5641,59,0.5247,0.39156472
8479994,20242025,22.3,0.5117,19,0.2467,0.41180651
8479994,20252026,,,,,
8479996,20232024,21.918,0.3618,35,0.375,0.45485781
8479996,20242025,22.301,0.5133,88,0.63,0.4367791
8479996,20252026,21.9498,0.3599,64,0.513,0.40400011
8479998,20232024,21.395,0.3662,25,0.5318,0.38967017
8479998,20242025,21.118,0.261,9,0.2987,0.38653448
8479998,20252026,21.1003,0.287,5,0.25,0.38241322
8479999,20232024,22.157,0.4901,84,0.6414,0.43817006
8479999,20242025,23.07,0.8683,92,0.6433,0.44260949
8479999,20252026,22.2824,0.5261,70,0.5554,0.41649819
8480001,20232024,22.07,0.6752,24,0.5191,0.39285724
8480001,20242025,21.961,0.6132,15,0.4214,0.39443135
8480001,20252026,20.7916,0.216,10,0.3488,0.41850086
8480002,20232024,22.523,0.6875,147,0.8717,0.43194099
8480002,20242025,22.423,0.58,150,0.8633,0.43324091
8480002,20252026,22.7938,0.7752,109,0.741,0.42859993
8480003,20232024,22.37,0.597,95,0.7072,0.40854311
8480003,20242025,22.591,0.6717,197,0.95,0.42466004
8480003,20252026,23.129,0.8844,143,0.8534,0.4052922
8480007,20232024,21.734,0.2763,25,0.2911,0.39143899
8480007,20242025,22.744,0.7333,15,0.215,0.42897796
8480007,20252026,20.829,0.0684,6,0.127,0.41677361
8480008,20232024,22.056,0.4424,28,0.3125,0.42964352
8480008,20242025,,,,,
8480008,20252026,,,,,
8480009,20232024,22.05,0.4359,71,0.5773,0.43667621
8480009,20242025,21.608,0.2217,39,0.3733,0.39787
8480009,20252026,21.898,0.3339,50,0.4446,0.40099771
8480011,20232024,22.334,0.5757,40,0.4079,0.39144385
8480011,20242025,22.343,0.5367,55,0.47,0.38883307
8480011,20252026,,,,,
8480012,20232024,22.475,0.6595,111,0.7763,0.4639001
8480012,20242025,22.727,0.7217,68,0.5383,0.44262377
8480012,20252026,22.6735,0.7264,107,0.7345,0.42828585
8480014,20232024,20.79,0.0757,16,0.2204,0.4541067
8480014,20242025,21.038,0.0867,27,0.3167,0.44874852
8480014,20252026,21.7275,0.2801,27,0.2997,0.4476621
8480015,20232024,24.213,1.0,274,0.9819,0.44765748
8480015,20242025,23.891,0.9833,291,0.9833,0.42817092
8480015,20252026,23.9739,0.987,388,0.9967,0.42924815
8480018,20232024,23.033,0.8931,218,0.9605,0.43728882
8480018,20242025,22.891,0.8,188,0.9417,0.43627815
8480018,20252026,23.6214,0.9642,237,0.9772,0.45109381
8480021,20232024,22.593,0.7155,56,0.5148,0.37560038
8480021,20242025,,,,,
8480021,20252026,22.0581,0.4039,25,0.2818,0.40615771
8480023,20232024,22.199,0.5148,73,0.5872,0.4312857
8480023,20242025,21.703,0.2667,86,0.62,0.43800414
8480023,20252026,23.2965,0.9218,89,0.6596,0.4499177
8480025,20232024,22.199,0.5148,47,0.4507,0.38020604
8480025,20242025,,,,,
8480025,20252026,,,,,
8480027,20232024,22.058,0.4441,40,0.4079,0.45670875
8480027,20242025,21.672,0.2517,23,0.2783,0.43099262
8480027,20252026,22.6603,0.7215,61,0.5,0.4554389
8480028,20232024,23.388,0.9507,147,0.8717,0.45190899
8480028,20242025,22.421,0.5767,164,0.8933,0.44145753
8480028,20252026,22.7329,0.7443,142,0.8502,0.44507495
8480032,20232024,21.466,0.1957,11,0.1826,0.38544181
8480032,20242025,21.112,0.1017,2,0.05,0.37845463
8480032,20252026,,,,,
8480035,20232024,21.701,0.4968,57,0.8376,0.40625148
8480035,20242025,22.735,0.8742,26,0.5849,0.42628386
8480035,20252026,21.3371,0.3735,16,0.4444,0.41415449
8480036,20232024,23.364,0.9745,101,0.9682,0.46871366
8480036,20242025,22.437,0.7956,66,0.8805,0.43757503
8480036,20252026,22.4538,0.7994,71,0.9012,0.43352049
8480039,20232024,23.683,0.9819,362,0.9918,0.46387164
8480039,20242025,24.491,0.9983,370,0.9933,0.4818531
8480039,20252026,23.8916,0.9805,348,0.9919,0.45471506
8480043,20232024,21.96,0.6051,48,0.7962,0.43381407
8480043,20242025,22.708,0.8648,62,0.8679,0.42099273
8480043,20252026,22.5945,0.8457,48,0.7809,0.38728826
8480049,20232024,21.987,0.6242,31,0.6146,0.41664916
8480049,20242025,21.57,0.4623,20,0.5,0.39997305
8480049,20252026,21.7013,0.5123,27,0.5741,0.39881221
8480058,20232024,21.994,0.6306,40,0.6975,0.42684596
8480058,20242025,22.25,0.7327,33,0.6824,0.43091883
8480058,20252026,22.9985,0.9228,16,0.4444,0.42813731
8480064,20232024,22.948,0.8668,134,0.8306,0.43392532
8480064,20242025,23.76,0.98,174,0.9167,0.41608737
8480064,20252026,23.0384,0.855,124,0.7932,0.45943788
8480068,20232024,22.894,0.8372,207,0.9539,0.40453708
8480068,20242025,23.076,0.8733,190,0.945,0.37836564
8480068,20252026,23.1278,0.8827,215,0.9691,0.39292247
8480069,20232024,23.272,0.9713,193,0.9968,0.44136682
8480069,20242025,23.626,0.9811,206,1.0,0.45505685
8480069,20252026,23.6795,0.9877,223,0.9969,0.45257357
8480070,20232024,21.283,0.3312,7,0.2452,0.41380669
8480070,20242025,22.537,0.8333,7,0.2642,0.41410764
8480070,20252026,,,,,
8480073,20232024,21.652,0.4745,31,0.6146,0.41263148
8480073,20242025,20.911,0.2138,7,0.2642,0.44375557
8480073,20252026,,,,,
8480074,20232024,22.493,0.6628,112,0.7796,0.37636743
8480074,20242025,21.799,0.3,21,0.2633,0.40767793
8480074,20252026,21.9222,0.3453,30,0.329,0.41866041
8480078,20232024,22.074,0.4572,20,0.2484,0.4694337
8480078,20242025,23.152,0.9067,184,0.9367,0.41151201
8480078,20252026,22.1362,0.4495,25,0.2818,0.43084817
8480084,20232024,20.045,0.0605,1,0.0573,0.41683192
8480084,20242025,21.17,0.2736,2,0.1321,0.42516863
8480084,20252026,21.5975,0.4691,12,0.3735,0.4381491
8480113,20232024,22.425,0.6201,77,0.6036,0.42426262
8480113,20242025,22.384,0.5633,64,0.5217,0.41016801
8480113,20252026,22.373,0.5717,71,0.5684,0.41165796
8480144,20232024,22.646,0.7434,96,0.7089,0.37961717
8480144,20242025,22.404,0.57,86,0.62,0.37783886
8480144,20252026,22.4477,0.614,41,0.3974,0.37456141
8480145,20232024,21.516,0.4236,16,0.4331,0.42297404
8480145,20242025,21.987,0.6164,32,0.6635,0.42209101
8480145,20252026,21.0032,0.2654,14,0.3951,0.41548256
8480172,20232024,23.154,0.9554,51,0.8121,0.35987818
8480172,20242025,22.82,0.8994,28,0.6132,0.39581623
8480172,20252026,,,,,
8480184,20232024,21.121,0.2516,7,0.2452,0.40537666
8480184,20242025,,,,,
8480184,20252026,,,,,
8480185,20232024,22.031,0.4227,89,0.6661,0.43022259
8480185,20242025,22.936,0.8183,75,0.5683,0.4190545
8480185,20252026,22.2951,0.5309,58,0.487,0.42056884
8480188,20232024,23.195,0.9178,139,0.847,0.40068379
8480188,20242025,22.871,0.79,132,0.805,0.42185872
8480188,20252026,22.5131,0.6482,121,0.7834,0.44836092
8480192,20232024,21.365,0.3567,8,0.2803,0.39094358
8480192,20242025,22.459,0.8082,23,0.5346,0.39796474
8480192,20252026,20.6225,0.1759,3,0.1975,0.40024337
8480196,20232024,22.693,0.8662,18,0.465,0.38849033
8480196,20242025,21.444,0.4025,26,0.5849,0.41151249
8480196,20252026,22.1093,0.6667,25,0.537,0.40748929
8480205,20232024,23.041,0.8964,104,0.7566,0.41057389
8480205,20242025,21.31,0.1467,19,0.2467,0.41513179
8480205,20252026,,,,,
8480208,20232024,22.638,0.7401,188,0.9359,0.43143014
8480208,20242025,22.629,0.685,177,0.925,0.44903866
8480208,20252026,22.103,0.4316,139,0.8388,0.48307217
8480220,20232024,22.009,0.4112,31,0.347,0.43708925
8480220,20242025,22.432,0.5817,50,0.435,0.41231939
8480220,20252026,22.4114,0.5928,38,0.3811,0.417911
8480222,20232024,20.941,0.1815,15,0.4108,0.41867932
8480222,20242025,,,,,
8480222,20252026,,,,,
8480245,20232024,20.902,0.0888,5,0.1086,0.44721277
8480245,20242025,21.974,0.375,9,0.1717,0.41730505
8480245,20252026,21.562,0.2231,6,0.127,0.41746757
8480246,20232024,21.718,0.5032,25,0.5318,0.43017408
8480246,20242025,21.263,0.327,25,0.566,0.43089798
8480246,20252026,20.6042,0.1698,19,0.5062,0.41048263
8480252,20232024,21.669,0.2484,20,0.2484,0.39958016
8480252,20242025,,,,,
8480252,20252026,,,,,
8480259,20232024,,,,,
8480259,20242025,21.121,0.1033,18,0.2383,0.37006501
8480259,20252026,21.8455,0.316,25,0.2818,0.37253116
8480281,20232024,22.896,0.8388,261,0.9803,0.37729825
8480281,20242025,22.986,0.8383,242,0.9767,0.40609344
8480281,20252026,23.5152,0.9495,172,0.9072,0.37764045
8480289,20232024,23.407,0.9523,146,0.8684,0.40362875
8480289,20242025,23.921,0.985,168,0.9017,0.40087601
8480289,20252026,23.6408,0.9674,163,0.8876,0.37649935
8480292,20232024,20.714,0.0641,8,0.1563,0.39746165
8480292,20242025,,,,,
8480292,20252026,,,,,
8480336,20232024,23.042,0.9268,131,0.9873,0.42662063
8480336,20242025,22.971,0.9182,92,0.9465,0.48012366
8480336,20252026,22.0897,0.6574,106,0.9537,0.46757767
8480355,20232024,22.193,0.5132,100,0.7352,0.41314179
8480355,20242025,23.025,0.8517,165,0.895,0.38670861
8480355,20252026,22.7347,0.7492,171,0.9039,0.37595704
8480434,20232024,21.987,0.6242,41,0.7102,0.43696913
8480434,20242025,22.197,0.7013,17,0.4497,0.42577652
8480434,20252026,22.6663,0.858,54,0.8148,0.44961579
8480441,20232024,21.592,0.2303,13,0.1941,0.38672723
8480441,20242025,,,,,
8480441,20252026,,,,,
8480448,20232024,21.749,0.2845,82,0.6266,0.39011681
8480448,20242025,22.931,0.815,112,0.745,0.39210401
8480448,20252026,22.2329,0.5033,125,0.7997,0.41052184
8480459,20232024,20.539,0.0526,16,0.2204,0.43073532
8480459,20242025,21.069,0.095,10,0.175,0.40039629
8480459,20252026,21.0924,0.1075,9,0.1629,0.39799452
8480468,20232024,22.901,0.8438,46,0.4457,0.41091538
8480468,20242025,,,,,
8480468,20252026,,,,,
8480727,20232024,20.993,0.1943,23,0.5064,0.70663589
8480727,20242025,21.592,0.4811,37,0.7075,0.41874747
8480727,20252026,21.3331,0.3704,35,0.6728,0.39699777
8480748,20232024,23.0,0.8882,76,0.6003,0.44645866
8480748,20242025,22.355,0.5433,114,0.7517,0.41781195
8480748,20252026,22.5999,0.6873,104,0.7215,0.43038825
8480762,20232024,22.744,0.7664,66,0.5444,0.40856178
8480762,20242025,22.552,0.6517,143,0.8433,0.45567506
8480762,20252026,23.5969,0.9577,125,0.7997,0.44401089
8480776,20232024,22.143,0.4803,11,0.1826,0.38043432
8480776,20242025,,,,,
8480776,20252026,,,,,
8480789,20232024,21.214,0.1464,9,0.1661,0.38160038
8480789,20242025,21.893,0.345,18,0.2383,0.39579596
8480789,20252026,,,,,
8480796,20232024,23.083,0.9331,83,0.9331,0.37951576
8480796,20242025,23.341,0.9591,42,0.7642,0.37854046
8480796,20252026,22.3913,0.7809,55,0.8179,0.37443005
8480797,20232024,22.216,0.5214,83,0.6365,0.44300947
8480797,20242025,21.799,0.3,78,0.58,0.41721114
8480797,20252026,22.2145,0.4951,73,0.5798,0.40188015
8480798,20232024,23.058,0.898,152,0.8914,0.41858874
8480798,20242025,22.106,0.4133,58,0.4883,0.40327281
8480798,20252026,22.207,0.4902,60,0.4902,0.40939881
8480800,20232024,22.546,0.8185,123,0.9841,0.48470993
8480800,20242025,24.561,1.0,108,0.9654,0.47214611
8480800,20252026,22.5108,0.8333,174,0.9907,0.46743364
8480801,20232024,22.369,0.5954,89,0.6661,0.44677479
8480801,20242025,22.075,0.4017,54,0.4667,0.46065206
8480801,20252026,22.0858,0.4202,50,0.4446,0.48589532
8480802,20232024,23.825,0.9885,373,0.9934,0.42560405
8480802,20242025,22.942,0.82,205,0.9617,0.39882394
8480802,20252026,23.1759,0.899,316,0.9902,0.4039165
8480803,20232024,21.965,0.6115,74,0.9172,0.50076715
8480803,20242025,22.258,0.739,69,0.8868,0.49144378
8480803,20252026,21.9746,0.6111,77,0.9167,0.47621703
8480806,20232024,22.267,0.5411,78,0.6069,0.37452531
8480806,20242025,22.968,0.83,141,0.835,0.34455128
8480806,20252026,22.7838,0.7687,112,0.7557,0.37835647
8480807,20232024,22.432,0.7834,45,0.7643,0.39591497
8480807,20242025,22.467,0.8145,31,0.6509,0.37854497
8480807,20252026,22.8413,0.9043,93,0.9414,0.39302589
8480813,20232024,23.202,0.9194,146,0.8684,0.40985279
8480813,20242025,22.33,0.53,114,0.7517,0.39114651
8480813,20252026,23.1829,0.9007,136,0.8257,0.39791886
8480817,20232024,23.262,0.9682,101,0.9682,0.40644949
8480817,20242025,23.196,0.9465,73,0.8994,0.40091487
8480817,20252026,23.2171,0.963,78,0.9228,0.46397922
8480821,20232024,22.038,0.426,93,0.6924,0.37903514
8480821,20242025,,,,,
8480821,20252026,,,,,
8480823,20232024,21.915,0.5764,8,0.2803,0.37387939
8480823,20242025,20.686,0.173,1,0.0849,0.39708862
8480823,20252026,,,,,
8480825,20232024,,,,,
8480825,20242025,22.022,0.3883,39,0.3733,0.39269075
8480825,20252026,20.9286,0.0749,3,0.0619,0.37420519
8480828,20232024,,,,,
8480828,20242025,19.977,0.0786,0,0.0063,0.41037792
8480828,20252026,20.1563,0.0988,1,0.0772,0.39913948
8480829,20232024,21.993,0.403,70,0.5674,0.46672927
8480829,20242025,22.263,0.4933,99,0.6817,0.46405108
8480829,20252026,21.6021,0.2394,24,0.2769,0.44101896
8480830,20232024,22.42,0.6151,71,0.5773,0.49660455
8480830,20242025,22.641,0.6917,122,0.7767,0.4924168
8480830,20252026,23.1074,0.8746,141,0.8485,0.49256099
8480834,20232024,22.079,0.6783,25,0.5318,0.38597766
8480834,20242025,22.455,0.805,48,0.8113,0.40018006
8480834,20252026,22.7509,0.8889,51,0.7932,0.39915131
8480835,20232024,22.8,0.801,50,0.4737,0.47111753
8480835,20242025,23.026,0.8533,43,0.3967,0.43517408
8480835,20252026,22.13,0.4446,50,0.4446,0.42342754
8480836,20232024,21.996,0.4063,20,0.2484,0.37076989
8480836,20242025,,,,,
8480836,20252026,,,,,
8480839,20232024,21.439,0.3917,25,0.5318,0.45069523
8480839,20242025,21.771,0.5629,35,0.695,0.44999778
8480839,20252026,22.4791,0.8148,61,0.8488,0.45543217
8480840,20232024,,,,,
8480840,20242025,21.867,0.3367,51,0.44,0.41633682
8480840,20252026,21.912,0.342,42,0.4039,0.39210166
8480845,20232024,23.948,0.9918,94,0.6974,0.38964284
8480845,20242025,24.471,0.9967,213,0.9667,0.38502663
8480845,20252026,,,,,
8480848,20232024,21.91,0.352,69,0.5609,0.39928273
8480848,20242025,22.867,0.785,125,0.7917,0.37480825
8480848,20252026,22.2494,0.513,86,0.6466,0.35086785
8480849,20232024,22.236,0.5263,38,0.3914,0.44450417
8480849,20242025,23.044,0.8583,155,0.8667,0.4443139
8480849,20252026,22.7585,0.759,146,0.855,0.43811471
8480851,20232024,20.762,0.074,3,0.0757,0.43010555
8480851,20242025,21.479,0.19,26,0.3083,0.38231073
8480851,20252026,,,,,
8480853,20232024,22.262,0.5362,30,0.3306,0.40435312
8480853,20242025,21.529,0.2017,4,0.0917,0.41032266
8480853,20252026,21.097,0.1107,2,0.0407,0.37553307
8480855,20232024,21.772,0.2961,51,0.4836,0.37790192
8480855,20242025,22.303,0.515,68,0.5383,0.39131678
8480855,20252026,21.554,0.2182,70,0.5554,0.40337485
8480860,20232024,21.804,0.5223,30,0.6051,0.3940729
8480860,20242025,21.402,0.3836,25,0.566,0.40463188
8480860,20252026,21.6731,0.4969,38,0.6975,0.39314124
8480865,20232024,22.533,0.8153,69,0.8949,0.43053316
8480865,20242025,22.803,0.8962,77,0.9119,0.43807921
8480865,20252026,22.4614,0.8056,65,0.8673,0.41942803
8480870,20232024,22.835,0.8125,68,0.5576,0.36765647
8480870,20242025,,,,,
8480870,20252026,22.0914,0.4218,24,0.2769,0.32935425
8480871,20232024,21.861,0.5478,18,0.465,0.43964308
8480871,20242025,20.838,0.2044,12,0.3711,0.45715762
8480871,20252026,21.8543,0.571,8,0.2963,0.39640467
8480873,20232024,22.736,0.879,27,0.5669,0.39762311
8480873,20242025,21.843,0.5975,46,0.7956,0.41043016
8480873,20252026,21.961,0.6049,61,0.8488,0.39577921
8480878,20232024,22.153,0.707,56,0.8344,0.441576
8480878,20242025,22.078,0.6384,29,0.6226,0.42943189
8480878,20252026,22.1684,0.7068,36,0.679,0.42007395
8480879,20232024,21.086,0.242,11,0.3408,0.39209338
8480879,20242025,21.45,0.4057,3,0.1509,0.41355846
8480879,20252026,20.7546,0.2068,9,0.3272,0.38383783
8480880,20232024,22.014,0.4161,74,0.5938,0.40150729
8480880,20242025,22.653,0.695,78,0.58,0.36977385
8480880,20252026,,,,,
8480884,20232024,22.497,0.7962,70,0.8981,0.42964212
8480884,20242025,,,,,
8480884,20252026,,,,,
8480887,20232024,21.923,0.5796,42,0.7166,0.40228765
8480887,20242025,21.596,0.4843,21,0.522,0.38874141
8480887,20252026,20.9524,0.2562,3,0.1975,0.41798525
8480891,20232024,22.033,0.6561,70,0.8981,0.4092322
8480891,20242025,22.294,0.7453,115,0.9686,0.41688689
8480891,20252026,21.6688,0.4938,26,0.5494,0.40989555
8480893,20232024,22.421,0.6168,141,0.8536,0.4087682
8480893,20242025,22.451,0.595,183,0.9333,0.42002344
8480893,20252026,23.3641,0.9283,301,0.9853,0.43897775
8480950,20232024,21.279,0.328,16,0.4331,0.36988023
8480950,20242025,21.233,0.3082,17,0.4497,0.38418674
8480950,20252026,20.8502,0.2346,5,0.25,0.40588515
8480980,20232024,22.052,0.4375,82,0.6266,0.39085275
8480980,20242025,22.092,0.4083,55,0.47,0.39809513
8480980,20252026,23.6107,0.9609,72,0.5749,0.38848461
8480990,20232024,22.121,0.6911,33,0.6369,0.45704671
8480990,20242025,22.176,0.695,32,0.6635,0.43510324
8480990,20252026,21.4994,0.4259,10,0.3488,0.40205899
8480995,20232024,22.508,0.6776,98,0.722,0.39769165
8480995,20242025,22.605,0.6783,137,0.8217,0.39916972
8480995,20252026,22.9304,0.8241,98,0.702,0.41727183
8481006,20232024,21.547,0.4395,4,0.1656,0.40183309
8481006,20242025,21.41,0.3962,14,0.3994,0.42827736
8481006,20252026,21.882,0.5833,26,0.5494,0.42561695
8481013,20232024,22.426,0.6234,13,0.1941,0.39044078
8481013,20242025,21.935,0.3617,83,0.6083,0.40203353
8481013,20252026,22.6512,0.7117,86,0.6466,0.43606593
8481014,20232024,21.93,0.5924,43,0.7325,0.38525186
8481014,20242025,21.536,0.4528,38,0.7233,0.38939919
8481014,20252026,21.4265,0.4167,8,0.2963,0.3796829
8481019,20232024,22.574,0.7105,44,0.4375,0.38634562
8481019,20242025,22.141,0.43,34,0.3467,0.40363317
8481019,20252026,,,,,
8481024,20232024,20.517,0.051,2,0.0526,0.42669853
8481024,20242025,20.555,0.0417,3,0.07,0.42271701
8481024,20252026,22.4963,0.6401,33,0.3518,0.42868121
8481028,20232024,23.217,0.9227,153,0.8931,0.43984547
8481028,20242025,24.055,0.99,178,0.9267,0.43762979
8481028,20252026,21.6238,0.2476,30,0.329,0.42120536
8481030,20232024,20.007,0.0573,1,0.0573,0.37958612
8481030,20242025,20.231,0.0975,1,0.0849,0.40160651
8481030,20252026,20.6802,0.1852,4,0.2284,0.41118918
8481032,20232024,22.962,0.8701,153,0.8931,0.41514271
8481032,20242025,23.44,0.9583,174,0.9167,0.41939111
8481032,20252026,23.1201,0.8795,164,0.8893,0.40181012
8481042,20232024,,,,,
8481042,20242025,22.253,0.4867,57,0.4817,0.41467193
8481042,20252026,,,,,
8481043,20232024,22.227,0.5247,14,0.2056,0.37316237
8481043,20242025,22.779,0.745,141,0.835,0.3941307
8481043,20252026,24.2193,0.9886,189,0.9332,0.36805094
8481056,20232024,22.317,0.7611,43,0.7325,0.42347745
8481056,20242025,22.166,0.6824,37,0.7075,0.43001613
8481056,20252026,22.5196,0.8364,67,0.8827,0.43326614
8481058,20232024,22.493,0.6628,82,0.6266,0.36908505
8481058,20242025,,,,,
8481058,20252026,,,,,
8481059,20232024,21.925,0.586,20,0.4809,0.46128107
8481059,20242025,22.443,0.7987,12,0.3711,0.44674238
8481059,20252026,,,,,
8481065,20232024,21.899,0.3454,18,0.2368,0.39443588
8481065,20242025,21.852,0.33,6,0.1267,0.47980462
8481065,20252026,21.1721,0.1352,13,0.2036,0.38146859
8481068,20232024,22.336,0.5773,73,0.5872,0.43071608
8481068,20242025,21.973,0.3733,87,0.6283,0.44303403
8481068,20252026,21.9586,0.3681,64,0.513,0.41140332
8481093,20232024,21.374,0.1727,26,0.3026,0.37839593
8481093,20242025,21.648,0.245,2,0.05,0.38756477
8481093,20252026,19.8604,0.0163,0,0.0,0.46613789
8481122,20232024,22.564,0.828,48,0.7962,0.4128068
8481122,20242025,22.97,0.9151,48,0.8113,0.38541197
8481122,20252026,22.7969,0.892,70,0.8981,0.37744092
8481133,20232024,,,,,
8481133,20242025,21.927,0.3583,27,0.3167,0.40306299
8481133,20252026,23.0069,0.8436,137,0.8274,0.39847418
8481147,20232024,22.562,0.7056,53,0.4967,0.38219206
8481147,20242025,20.908,0.0717,3,0.07,0.39672241
8481147,20252026,,,,,
8481161,20232024,20.666,0.121,3,0.1433,0.40634116
8481161,20242025,21.069,0.2484,11,0.3459,0.38818466
8481161,20252026,20.8615,0.2407,5,0.25,0.4250588
8481167,20232024,21.428,0.3854,27,0.5669,0.40916557
8481167,20242025,22.167,0.6855,22,0.5252,0.43187937
8481167,20252026,21.1412,0.2963,14,0.3951,0.4103911
8481178,20232024,20.598,0.1083,8,0.2803,0.44440735
8481178,20242025,20.179,0.0943,4,0.1855,0.41906395
8481178,20252026,21.1227,0.2901,1,0.0772,0.41115225
8481186,20232024,23.107,0.9063,143,0.8569,0.40193718
8481186,20242025,23.252,0.9333,174,0.9167,0.40750536
8481186,20252026,22.6495,0.7085,29,0.3208,0.41404494
8481206,20232024,20.888,0.1688,9,0.3057,0.42454991
8481206,20242025,21.462,0.4182,6,0.2453,0.42807064
8481206,20252026,,,,,
8481237,20232024,22.655,0.7467,70,0.5674,0.40010834
8481237,20242025,22.829,0.7733,147,0.855,0.38415265
8481237,20252026,22.5734,0.6743,111,0.7508,0.39738203
8481422,20232024,21.708,0.2664,21,0.2582,0.38564286
8481422,20242025,20.858,0.0667,1,0.02,0.4303362
8481422,20252026,,,,,
8481462,20232024,21.324,0.1612,14,0.2056,0.41355417
8481462,20242025,21.062,0.0917,1,0.02,0.33640052
8481462,20252026,,,,,
8481477,20232024,22.569,0.7089,100,0.7352,0.35371936
8481477,20242025,22.403,0.5683,85,0.6167,0.39084812
8481477,20252026,22.3514,0.5619,44,0.4137,0.36587756
8481481,20232024,22.171,0.4984,85,0.6447,0.39677546
8481481,20242025,22.474,0.6033,94,0.6567,0.39688468
8481481,20252026,22.2951,0.5309,104,0.7215,0.3915834
8481491,20232024,,,,,
8481491,20242025,22.432,0.5817,27,0.3167,0.41497
8481491,20252026,21.7693,0.2915,30,0.329,0.36115698
8481517,20232024,22.275,0.5461,119,0.7993,0.36686497
8481517,20242025,22.899,0.805,120,0.7683,0.36536222
8481517,20252026,22.3675,0.5684,14,0.2182,0.42547433
8481518,20232024,20.997,0.1053,3,0.0757,0.36178989
8481518,20242025,21.252,0.1317,6,0.1267,0.4228342
8481518,20252026,21.7271,0.2785,9,0.1629,0.41019503
8481521,20232024,20.838,0.1465,13,0.3758,0.45639558
8481521,20242025,,,,,
8481521,20252026,,,,,
8481522,20232024,22.359,0.5872,85,0.6447,0.41490009
8481522,20242025,22.593,0.675,126,0.7983,0.40999804
8481522,20252026,23.2766,0.9169,168,0.8941,0.40581051
8481523,20232024,21.523,0.2155,6,0.1283,0.50067333
8481523,20242025,22.727,0.7217,110,0.73,0.43788835
8481523,20252026,23.4167,0.9381,68,0.544,0.41989572
8481524,20232024,23.003,0.9236,54,0.828,0.42191562
8481524,20242025,22.401,0.783,77,0.9119,0.40732884
8481524,20252026,22.8666,0.9074,107,0.9568,0.41328287
8481527,20232024,21.718,0.5032,15,0.4108,0.41312003
8481527,20242025,22.061,0.6289,26,0.5849,0.40392453
8481527,20252026,21.8398,0.5556,32,0.6389,0.4267592
8481528,20232024,22.994,0.8849,123,0.8076,0.40991506
8481528,20242025,22.512,0.6183,144,0.8483,0.43453672
8481528,20252026,23.747,0.9756,211,0.9642,0.47968587
8481532,20232024,23.623,0.977,38,0.3914,0.39943368
8481532,20242025,22.537,0.6433,123,0.7817,0.41486653
8481532,20252026,22.3909,0.5782,113,0.7638,0.41963423
8481533,20232024,21.578,0.227,23,0.273,0.43659068
8481533,20242025,22.102,0.41,43,0.3967,0.41943822
8481533,20252026,22.095,0.4235,73,0.5798,0.4450681
8481534,20232024,22.457,0.6447,10,0.1743,0.38315702
8481534,20242025,22.853,0.7817,14,0.2067,0.44041464
8481534,20252026,21.0074,0.0879,2,0.0407,0.36296749
8481535,20232024,22.766,0.7878,86,0.6497,0.4413634
8481535,20242025,22.237,0.48,88,0.63,0.42997609
8481535,20252026,21.4282,0.1792,36,0.3632,0.42364864
8481537,20232024,22.01,0.6433,30,0.6051,0.39003126
8481537,20242025,,,,,
8481537,20252026,,,,,
8481540,20232024,22.76,0.7829,93,0.6924,0.44390469
8481540,20242025,22.162,0.4383,98,0.675,0.44280659
8481540,20252026,22.5702,0.6678,90,0.6645,0.46212775
8481541,20232024,20.93,0.1752,7,0.2452,0.39404408
8481541,20242025,16.037,0.0,0,0.0,0.5925248
8481541,20252026,,,,,
8481542,20232024,22.685,0.8631,31,0.6146,0.4096711
8481542,20242025,22.883,0.9057,38,0.7233,0.42886718
8481542,20252026,21.7169,0.5185,43,0.7438,0.43579397
8481543,20232024,21.146,0.125,15,0.2155,0.41968625
8481543,20242025,,,,,
8481543,20252026,,,,,
8481546,20232024,21.785,0.5096,28,0.5796,0.42755267
8481546,20242025,22.203,0.7075,24,0.544,0.40499589
8481546,20252026,22.1261,0.6759,25,0.537,0.41441925
8481550,20232024,20.345,0.0411,4,0.0938,0.40724387
8481550,20242025,,,,,
8481550,20252026,,,,,
8481553,20232024,22.304,0.5625,48,0.4622,0.43484923
8481553,20242025,22.511,0.6167,98,0.675,0.43937931
8481553,20252026,23.3043,0.9251,107,0.7345,0.43464028
8481554,20232024,21.686,0.2549,18,0.2368,0.42377323
8481554,20242025,21.153,0.105,27,0.3167,0.42210783
8481554,20252026,21.5816,0.2313,20,0.2541,0.41531003
8481556,20232024,23.641,0.9803,91,0.6859,0.35962695
8481556,20242025,22.808,0.76,172,0.9133,0.37061113
8481556,20252026,22.8171,0.7866,57,0.4756,0.36252914
8481557,20232024,23.238,0.9309,72,0.5839,0.47908613
8481557,20242025,23.002,0.8433,103,0.695,0.44821656
8481557,20252026,22.2703,0.5212,93,0.6759,0.44899952
8481559,20232024,22.89,0.8289,187,0.9309,0.45218634
8481559,20242025,23.334,0.9467,161,0.88,0.44726197
8481559,20252026,22.49,0.6336,128,0.8127,0.45070778
8481560,20232024,21.813,0.3141,42,0.4227,0.42579
8481560,20242025,21.772,0.2883,11,0.185,0.37908326
8481560,20252026,21.5596,0.2215,3,0.0619,0.47554241
8481563,20232024,,,,,
8481563,20242025,22.248,0.7296,17,0.4497,0.37620663
8481563,20252026,21.2134,0.3179,17,0.4599,0.4120201
8481564,20232024,21.347,0.3503,16,0.4331,0.41925659
8481564,20242025,19.805,0.0692,0,0.0063,0.4321521
8481564,20252026,20.5548,0.1667,1,0.0772,0.38400334
8481567,20232024,22.037,0.6592,21,0.4936,0.38478311
8481567,20242025,21.189,0.283,20,0.5,0.39329319
8481567,20252026,19.9093,0.0617,0,0.0031,0.38057414
8481568,20232024,22.584,0.8408,57,0.8376,0.39584756
8481568,20242025,22.797,0.8931,75,0.9088,0.3913173
8481568,20252026,22.3745,0.7747,71,0.9012,0.3876627
8481572,20232024,,,,,
8481572,20242025,21.52,0.4465,9,0.2987,0.42489737
8481572,20252026,20.3003,0.1111,2,0.1543,0.4079469
8481577,20232024,21.396,0.1793,29,0.3191,0.44437045
8481577,20242025,21.934,0.36,56,0.475,0.45027511
8481577,20252026,21.7494,0.2866,10,0.171,0.40580973
8481580,20232024,23.23,0.9293,184,0.9243,0.37584971
8481580,20242025,22.786,0.7517,183,0.9333,0.40295886
8481580,20252026,23.0093,0.8453,174,0.9121,0.37849837
8481581,20232024,22.469,0.793,87,0.9395,0.44657535
8481581,20242025,22.268,0.7421,73,0.8994,0.43216786
8481581,20252026,22.1209,0.6728,50,0.787,0.42791781
8481582,20232024,21.988,0.4013,41,0.4161,0.40385997
8481582,20242025,23.125,0.8933,110,0.73,0.40654923
8481582,20252026,22.6707,0.7231,147,0.8599,0.40139028
8481591,20232024,21.658,0.2467,4,0.0938,0.39896071
8481591,20242025,21.523,0.1983,2,0.05,0.44200786
8481591,20252026,19.8772,0.0179,0,0.0,0.38265469
8481592,20232024,21.903,0.3503,9,0.1661,0.35530016
8481592,20242025,21.825,0.315,42,0.39,0.40072315
8481592,20252026,21.3834,0.1726,5,0.1124,0.42237033
8481593,20232024,22.499,0.7994,28,0.5796,0.40257389
8481593,20242025,21.802,0.5786,15,0.4214,0.42173012
8481593,20252026,21.7925,0.5401,18,0.4907,0.42893597
8481596,20232024,21.768,0.2928,50,0.4737,0.4142871
8481596,20242025,22.607,0.68,109,0.725,0.39824682
8481596,20252026,22.5799,0.6759,82,0.627,0.41663432
8481598,20232024,22.502,0.8025,13,0.3758,0.40416618
8481598,20242025,23.476,0.9654,82,0.9245,0.41819361
8481598,20252026,23.4601,0.9784,158,0.9846,0.40790569
8481600,20232024,21.15,0.2675,1,0.0573,0.43562305
8481600,20242025,21.48,0.4277,6,0.2453,0.44646503
8481600,20252026,21.9136,0.5957,14,0.3951,0.42754403
8481601,20232024,21.637,0.2418,71,0.5773,0.37579929
8481601,20242025,22.528,0.635,122,0.7767,0.41076752
8481601,20252026,22.7515,0.7541,158,0.8779,0.39560866
8481604,20232024,21.915,0.3553,31,0.347,0.43092502
8481604,20242025,22.868,0.7883,56,0.475,0.44777669
8481604,20252026,22.4296,0.6026,69,0.5489,0.47149899
8481605,20232024,22.998,0.9204,39,0.6847,0.38009173
8481605,20242025,22.755,0.8805,95,0.9528,0.40798176
8481605,20252026,22.6258,0.8488,110,0.9599,0.43572287
8481606,20232024,22.018,0.6465,44,0.7516,0.44948711
8481606,20242025,22.164,0.6792,24,0.544,0.43394928
8481606,20252026,21.5164,0.4321,47,0.7747,0.47577704
8481607,20232024,,,,,
8481607,20242025,21.697,0.5189,15,0.4214,0.410364
8481607,20252026,21.9709,0.608,33,0.6512,0.39053883
8481609,20232024,21.061,0.2293,3,0.1433,0.37812171
8481609,20242025,21.391,0.3805,27,0.6006,0.42046586
8481609,20252026,22.3215,0.7531,7,0.2778,0.43152205
8481617,20232024,21.744,0.2796,25,0.2911,0.44992679
8481617,20242025,22.988,0.84,187,0.9383,0.42160895
8481617,20252026,23.1124,0.8762,191,0.9397,0.42917358
8481618,20232024,22.506,0.676,130,0.8224,0.43044418
8481618,20242025,23.248,0.9317,258,0.9783,0.42340475
8481618,20252026,23.1401,0.8876,74,0.5879,0.41096778
8481624,20232024,22.629,0.7336,101,0.7401,0.43053848
8481624,20242025,23.176,0.915,198,0.9517,0.3811677
8481624,20252026,23.5366,0.9544,194,0.9446,0.36974635
8481641,20232024,21.98,0.398,81,0.6234,0.3962983
8481641,20242025,22.661,0.6983,93,0.6517,0.40087213
8481641,20252026,23.249,0.9104,60,0.4902,0.44564234
8481655,20232024,20.515,0.0477,3,0.0757,0.40954221
8481655,20242025,22.107,0.415,29,0.33,0.40753114
8481655,20252026,21.3285,0.1645,23,0.2671,0.40573357
8481656,20232024,22.742,0.7632,135,0.8322,0.37501871
8481656,20242025,23.182,0.9183,158,0.87,0.39882758
8481656,20252026,23.143,0.8893,168,0.8941,0.39943854
8481703,20232024,22.246,0.5313,82,0.6266,0.43863763
8481703,20242025,23.024,0.85,31,0.34,0.44336083
8481703,20252026,,,,,
8481704,20232024,21.869,0.3322,49,0.4671,0.4383706
8481704,20242025,21.585,0.215,42,0.39,0.41026909
8481704,20252026,21.0625,0.0993,7,0.145,0.40625202
8481708,20232024,21.056,0.2261,7,0.2452,0.42547001
8481708,20242025,22.762,0.8836,11,0.3459,0.42304474
8481708,20252026,,,,,
8481711,20232024,22.163,0.4951,90,0.6776,0.40491195
8481711,20242025,22.367,0.55,48,0.425,0.4227218
8481711,20252026,22.749,0.7524,57,0.4756,0.42328066
8481716,20232024,21.879,0.3372,46,0.4457,0.41349641
8481716,20242025,22.435,0.5867,52,0.4533,0.40914721
8481716,20252026,22.0532,0.399,44,0.4137,0.4324574
8481719,20232024,22.531,0.8121,10,0.3153,0.42299148
8481719,20242025,21.096,0.2547,4,0.1855,0.41466142
8481719,20252026,21.7073,0.5154,26,0.5494,0.41988601
8481725,20232024,,,,,
8481725,20242025,21.754,0.2783,51,0.44,0.41280554
8481725,20252026,22.161,0.4593,90,0.6645,0.41598505
8481726,20232024,22.736,0.7615,18,0.2368,0.39809859
8481726,20242025,23.486,0.9617,135,0.8167,0.3956487
8481726,20252026,23.7966,0.9788,69,0.5489,0.40215277
8481732,20232024,,,,,
8481732,20242025,21.375,0.1583,26,0.3083,0.40591851
8481732,20252026,22.1618,0.4609,7,0.145,0.40201472
8481743,20232024,21.45,0.3981,8,0.2803,0.42728766
8481743,20242025,21.785,0.566,16,0.4403,0.43510429
8481743,20252026,,,,,
8481751,20232024,21.771,0.2944,17,0.2303,0.40191018
8481751,20242025,,,,,
8481751,20252026,,,,,
8481754,20232024,21.031,0.1102,7,0.148,0.41664479
8481754,20242025,22.688,0.71,38,0.365,0.38895055
8481754,20252026,22.4667,0.6221,49,0.4397,0.39887108
8481789,20232024,22.083,0.4655,70,0.5674,0.40653398
8481789,20242025,22.042,0.395,53,0.46,0.39985219
8481789,20252026,21.9504,0.3616,64,0.513,0.41242617
8481806,20232024,21.441,0.3949,5,0.1815,0.3769309
8481806,20242025,22.315,0.7547,19,0.4906,0.3793718
8481806,20252026,23.0895,0.9414,59,0.8395,0.39408812
8482055,20232024,22.795,0.7977,258,0.9786,0.40871904
8482055,20242025,23.104,0.885,217,0.9717,0.41852853
8482055,20252026,22.8201,0.7883,140,0.842,0.40498959
8482062,20232024,22.884,0.8273,161,0.9128,0.40911355
8482062,20242025,22.534,0.64,116,0.7583,0.41016345
8482062,20252026,23.471,0.943,115,0.7687,0.42310981
8482070,20232024,21.948,0.3816,36,0.3799,0.42079322
8482070,20242025,22.714,0.72,88,0.63,0.42326197
8482070,20252026,21.4527,0.1889,13,0.2036,0.40546013
8482073,20232024,23.473,0.9809,53,0.8153,0.41051418
8482073,20242025,22.895,0.9088,61,0.8648,0.38074158
8482073,20252026,22.1684,0.7068,47,0.7747,0.39440963
8482074,20232024,22.146,0.4852,29,0.3191,0.44847204
8482074,20242025,22.005,0.3833,43,0.3967,0.44068668
8482074,20252026,20.7931,0.0635,11,0.184,0.41968494
8482077,20232024,22.822,0.8076,78,0.6069,0.43178337
8482077,20242025,22.523,0.63,191,0.9467,0.43464649
8482077,20252026,22.1474,0.4528,147,0.8599,0.4480447
8482078,20232024,22.9,0.8421,129,0.8191,0.44627855
8482078,20242025,22.897,0.8033,133,0.8083,0.45582669
8482078,20252026,22.7486,0.7508,113,0.7638,0.44555183
8482079,20232024,22.179,0.5049,77,0.6036,0.44400554
8482079,20242025,22.805,0.7567,100,0.6867,0.44365654
8482079,20252026,21.7282,0.2818,26,0.2899,0.43013239
8482087,20232024,22.716,0.8726,67,0.8885,0.38743483
8482087,20242025,22.387,0.7736,55,0.8491,0.39976809
8482087,20252026,22.3967,0.784,28,0.5895,0.40282973
8482089,20232024,22.073,0.4539,69,0.5609,0.43673893
8482089,20242025,22.286,0.5067,67,0.5367,0.43861108
8482089,20252026,22.154,0.4544,53,0.4593,0.44963923
8482092,20232024,21.87,0.3339,82,0.6266,0.40459065
8482092,20242025,22.552,0.6517,104,0.6983,0.41230255
8482092,20252026,22.9257,0.8225,109,0.741,0.41614742
8482093,20232024,22.676,0.75,199,0.949,0.47660933
8482093,20242025,24.419,0.995,216,0.97,0.49052645
8482093,20252026,23.3801,0.93,171,0.9039,0.48229181
8482095,20232024,21.565,0.449,3,0.1433,0.39552492
8482095,20242025,22.078,0.6384,20,0.5,0.40608812
8482095,20252026,21.6678,0.4907,27,0.5741,0.43282564
8482097,20232024,21.861,0.3306,30,0.3306,0.42946609
8482097,20242025,21.773,0.29,64,0.5217,0.42356261
8482097,20252026,23.0394,0.8567,203,0.956,0.42686881
8482101,20232024,20.939,0.0954,6,0.1283,0.34774128
8482101,20242025,21.219,0.1217,11,0.185,0.39373612
8482101,20252026,,,,,
8482105,20232024,23.128,0.9459,181,0.9936,0.41907068
8482105,20242025,23.53,0.9717,199,0.9969,0.43447922
8482105,20252026,24.3656,1.0,204,0.9938,0.44813487
8482109,20232024,22.77,0.7895,145,0.8651,0.45385894
8482109,20242025,22.669,0.7,83,0.6083,0.43581798
8482109,20252026,22.3225,0.5456,101,0.715,0.45800451
8482110,20232024,23.103,0.9046,107,0.7648,0.39241031
8482110,20242025,22.515,0.6217,116,0.7583,0.39908743
8482110,20252026,21.7564,0.2883,90,0.6645,0.41353203
8482111,20232024,22.893,0.9076,48,0.7962,0.42075142
8482111,20242025,23.583,0.9748,87,0.934,0.43748753
8482111,20252026,21.5836,0.4599,44,0.7531,0.44440665
8482113,20232024,21.894,0.3405,65,0.5411,0.45133121
8482113,20242025,22.087,0.405,73,0.5583,0.43483961
8482113,20252026,21.7196,0.2769,62,0.5033,0.4347757
8482116,20232024,23.475,0.9622,283,0.9868,0.43869519
8482116,20242025,23.663,0.9733,380,0.995,0.47613027
8482116,20252026,23.5373,0.956,364,0.9935,0.46505416
8482117,20232024,22.331,0.574,128,0.8174,0.37437206
8482117,20242025,23.037,0.855,198,0.9517,0.38575743
8482117,20252026,23.0428,0.8616,46,0.43,0.40101672
8482118,20232024,21.655,0.2451,5,0.1086,0.3424461
8482118,20242025,22.813,0.7633,41,0.385,0.39042088
8482118,20252026,20.7635,0.0603,5,0.1124,0.40341687
8482122,20232024,23.554,0.9873,87,0.9395,0.41670928
8482122,20242025,22.944,0.9119,80,0.9214,0.40944055
8482122,20252026,23.0494,0.9321,129,0.9722,0.41085261
8482124,20232024,23.758,0.9852,199,0.949,0.44692087
8482124,20242025,23.402,0.955,295,0.985,0.43293136
8482124,20252026,23.1638,0.8941,297,0.9837,0.4161961
8482125,20232024,22.392,0.6053,107,0.7648,0.41275233
8482125,20242025,22.435,0.5867,42,0.39,0.40501498
8482125,20252026,21.5996,0.2378,26,0.2899,0.40460726
8482126,20232024,21.797,0.5191,1,0.0573,0.38692115
8482126,20242025,21.573,0.4654,9,0.2987,0.42816639
8482126,20252026,21.3484,0.3796,19,0.5062,0.43274941
8482132,20232024,,,,,
8482132,20242025,22.93,0.8133,62,0.5133,0.37973895
8482132,20252026,21.6665,0.2622,19,0.2508,0.42761088
8482133,20232024,21.535,0.2204,30,0.3306,0.42888588
8482133,20242025,21.06,0.09,2,0.05,0.33752236
8482133,20252026,,,,,
8482142,20232024,22.219,0.7293,64,0.8694,0.44832237
8482142,20242025,23.292,0.956,123,0.9748,0.41879381
8482142,20252026,23.5145,0.9815,142,0.9784,0.43726196
8482144,20232024,19.818,0.051,0,0.0032,0.41113429
8482144,20242025,21.658,0.5,20,0.5,0.40868984
8482144,20252026,,,,,
8482145,20232024,21.747,0.2829,2,0.0526,0.51795233
8482145,20242025,22.126,0.4233,94,0.6567,0.41860104
8482145,20252026,22.4603,0.6156,119,0.7769,0.42838558
8482146,20232024,21.831,0.3207,47,0.4507,0.47754003
8482146,20242025,21.926,0.3567,57,0.4817,0.45852592
8482146,20252026,22.4108,0.5912,70,0.5554,0.46215453
8482148,20232024,22.558,0.7007,151,0.8882,0.39393196
8482148,20242025,22.836,0.7767,60,0.5,0.39740437
8482148,20252026,22.7117,0.7362,134,0.8208,0.42754462
8482149,20232024,22.744,0.7664,20,0.2484,0.45243896
8482149,20242025,21.46,0.1817,24,0.2917,0.43711043
8482149,20252026,21.537,0.2101,26,0.2899,0.43539621
8482153,20232024,21.478,0.2056,13,0.1941,0.41206371
8482153,20242025,21.418,0.1733,3,0.07,0.36996625
8482153,20252026,21.1241,0.1238,1,0.0228,0.42305636
8482155,20232024,22.646,0.7434,187,0.9309,0.40248916
8482155,20242025,22.351,0.54,158,0.87,0.43280381
8482155,20252026,23.399,0.9332,182,0.9202,0.41194638
8482157,20232024,22.29,0.5559,92,0.6908,0.40569259
8482157,20242025,22.514,0.62,105,0.7067,0.39187596
8482157,20252026,22.4412,0.6091,122,0.7866,0.42399134
8482159,20232024,21.766,0.2911,64,0.5362,0.44782556
8482159,20242025,21.689,0.26,53,0.46,0.42707458
8482159,20252026,21.3091,0.158,16,0.2345,0.42148044
8482166,20232024,21.984,0.621,1,0.0573,0.35318918
8482166,20242025,21.403,0.3868,13,0.3868,0.39525929
8482166,20252026,21.6433,0.4753,33,0.6512,0.3984283
8482172,20232024,23.084,0.8997,32,0.352,0.3595753
8482172,20242025,22.313,0.52,65,0.5317,0.3804604
8482172,20252026,22.6566,0.7166,104,0.7215,0.38322944
8482175,20232024,22.432,0.6332,188,0.9359,0.41953354
8482175,20242025,22.394,0.565,156,0.8683,0.43306156
8482175,20252026,22.5725,0.671,212,0.9658,0.42998973
8482176,20232024,22.201,0.7229,24,0.5191,0.38291762
8482176,20242025,21.745,0.5503,24,0.544,0.40487058
8482176,20252026,22.3509,0.7654,65,0.8673,0.39914942
8482177,20232024,21.641,0.2434,25,0.2911,0.40229468
8482177,20242025,22.782,0.75,110,0.73,0.38769133
8482177,20252026,22.8875,0.816,109,0.741,0.3968305
8482192,20232024,21.831,0.5382,31,0.6146,0.37777157
8482192,20242025,19.568,0.0535,0,0.0063,0.43340243
8482192,20252026,20.1448,0.0957,1,0.0772,0.40557951
8482201,20232024,19.317,0.0066,0,0.0016,0.38287063
8482201,20242025,22.373,0.5533,56,0.475,0.41110307
8482201,20252026,23.3202,0.9267,40,0.3893,0.4203138
8482222,20232024,22.112,0.4737,42,0.4227,0.42120244
8482222,20242025,,,,,
8482222,20252026,,,,,
8482241,20232024,22.944,0.8635,67,0.5526,0.42304559
8482241,20242025,,,,,
8482241,20252026,,,,,
8482245,20232024,20.669,0.1242,7,0.2452,0.39491725
8482245,20242025,20.378,0.1132,5,0.2138,0.39820282
8482245,20252026,20.9481,0.2531,9,0.3272,0.41277689
8482259,20232024,23.45,0.9589,143,0.8569,0.40773898
8482259,20242025,23.398,0.9533,202,0.9583,0.41182963
8482259,20252026,24.25,0.9919,267,0.9821,0.40024504
8482408,20232024,,,,,
8482408,20242025,22.178,0.445,23,0.2783,0.42118861
8482408,20252026,22.7733,0.7671,91,0.6694,0.40294324
8482451,20232024,21.707,0.2648,25,0.2911,0.34705601
8482451,20242025,22.983,0.8333,59,0.4933,0.36538895
8482451,20252026,21.526,0.2068,10,0.171,0.44908254
8482460,20232024,22.599,0.7171,22,0.2648,0.41567712
8482460,20242025,22.827,0.77,94,0.6567,0.39105275
8482460,20252026,22.3168,0.5375,40,0.3893,0.41516691
8482470,20232024,20.266,0.0828,2,0.1146,0.39044966
8482470,20242025,19.658,0.0629,0,0.0063,0.41168713
8482470,20252026,20.473,0.1451,7,0.2778,0.43078856
8482475,20232024,23.378,0.9474,206,0.9523,0.39933595
8482475,20242025,23.055,0.86,107,0.7217,0.42174532
8482475,20252026,23.6309,0.9658,193,0.9414,0.42013852
8482476,20232024,22.511,0.6793,12,0.1875,0.37396354
8482476,20242025,22.931,0.815,139,0.825,0.42167312
8482476,20252026,23.5087,0.9479,177,0.9153,0.40840819
8482482,20232024,,,,,
8482482,20242025,22.17,0.6887,25,0.566,0.43863005
8482482,20252026,22.5069,0.8241,68,0.892,0.43574575
8482496,20232024,21.344,0.1678,36,0.3799,0.40890737
8482496,20242025,21.109,0.1,20,0.2567,0.42818056
8482496,20252026,20.881,0.07,2,0.0407,0.39707909
8482511,20232024,21.115,0.2484,5,0.1815,0.43117399
8482511,20242025,22.498,0.8208,43,0.7767,0.44564667
8482511,20252026,22.1016,0.6636,26,0.5494,0.42675524
8482516,20232024,20.924,0.172,12,0.3599,0.40777708
8482516,20242025,21.495,0.4371,9,0.2987,0.43393708
8482516,20252026,21.5188,0.4352,17,0.4599,0.40738877
8482624,20232024,21.205,0.2866,12,0.3599,0.44103506
8482624,20242025,22.142,0.6635,27,0.6006,0.42272504
8482624,20252026,20.048,0.0895,1,0.0772,0.34069588
8482652,20232024,22.601,0.7188,59,0.5247,0.3908945
8482652,20242025,22.682,0.7067,51,0.44,0.42052819
8482652,20252026,21.9403,0.355,6,0.127,0.41716003
8482655,20232024,21.465,0.4076,36,0.6656,0.39157436
8482655,20242025,21.218,0.2925,14,0.3994,0.41997741
8482655,20252026,22.3262,0.7562,39,0.7068,0.41419975
8482659,20232024,21.962,0.3898,16,0.2204,0.39961815
8482659,20242025,22.342,0.535,69,0.5467,0.43203174
8482659,20252026,22.204,0.4886,155,0.873,0.4462737
8482660,20232024,21.69,0.2582,29,0.3191,0.42187154
8482660,20242025,22.196,0.4567,75,0.5683,0.42675254
8482660,20252026,22.6142,0.6938,70,0.5554,0.41865523
8482665,20232024,22.123,0.4786,127,0.8141,0.44079403
8482665,20242025,22.278,0.5017,112,0.745,0.42684267
8482665,20252026,22.0686,0.4121,130,0.816,0.43882635
8482666,20232024,20.409,0.0924,1,0.0573,0.44373993
8482666,20242025,21.477,0.4245,7,0.2642,0.49017995
8482666,20252026,20.6144,0.1728,6,0.2716,0.44472521
8482667,20232024,21.872,0.3355,87,0.6546,0.41381292
8482667,20242025,22.563,0.6617,114,0.7517,0.44251614
8482667,20252026,22.3084,0.5342,111,0.7508,0.45888352
8482671,20232024,21.271,0.3217,23,0.5064,0.41872729
8482671,20242025,21.409,0.3931,47,0.7987,0.42790139
8482671,20252026,22.3279,0.7623,42,0.7284,0.41585705
8482679,20232024,22.162,0.4934,38,0.3914,0.42911498
8482679,20242025,22.966,0.8267,123,0.7817,0.44214733
8482679,20252026,22.6767,0.7296,99,0.7085,0.43221104
8482684,20232024,24.192,1.0,199,1.0,0.4490938
8482684,20242025,23.583,0.9748,125,0.9811,0.43590405
8482684,20252026,23.3719,0.9691,117,0.966,0.43240304
8482691,20232024,,,,,
8482691,20242025,21.719,0.2717,13,0.2,0.42866359
8482691,20252026,21.3265,0.1612,20,0.2541,0.38860451
8482699,20232024,22.603,0.722,94,0.6974,0.42759876
8482699,20242025,23.108,0.8883,182,0.9317,0.44978093
8482699,20252026,23.0175,0.8469,217,0.9707,0.45206699
8482700,20232024,,,,,
8482700,20242025,21.048,0.2421,12,0.3711,0.39388003
8482700,20252026,,,,,
8482702,20232024,21.952,0.3832,29,0.3191,0.45477964
8482702,20242025,21.878,0.3433,92,0.6433,0.44151502
8482702,20252026,21.9125,0.3436,97,0.6971,0.47336698
8482703,20232024,,,,,
8482703,20242025,21.705,0.2683,21,0.2633,0.39752939
8482703,20252026,22.5823,0.6792,55,0.4691,0.41212179
8482705,20232024,21.705,0.2632,64,0.5362,0.37998488
8482705,20242025,22.206,0.4633,73,0.5583,0.3936608
8482705,20252026,22.7107,0.7345,146,0.855,0.40267593
8482713,20232024,23.348,0.9424,19,0.2434,0.43037204
8482713,20242025,23.115,0.89,173,0.915,0.46764436
8482713,20252026,23.147,0.8909,186,0.9251,0.45368985
8482720,20232024,22.2,0.5181,98,0.722,0.41800674
8482720,20242025,23.132,0.8983,113,0.7483,0.42729598
8482720,20252026,22.2885,0.5277,97,0.6971,0.41050984
8482726,20232024,,,,,
8482726,20242025,21.553,0.2067,23,0.2783,0.39410981
8482726,20252026,21.2794,0.1515,33,0.3518,0.39633989
8482730,20232024,20.74,0.1338,7,0.2452,0.47015319
8482730,20242025,21.229,0.305,32,0.6635,0.445846
8482730,20252026,21.9925,0.6173,18,0.4907,0.45458313
8482737,20232024,22.076,0.4589,46,0.4457,0.40628821
8482737,20242025,22.773,0.7417,139,0.825,0.44370008
8482737,20252026,21.9962,0.3811,134,0.8208,0.4326381
8482740,20232024,22.467,0.653,88,0.6579,0.42683307
8482740,20242025,22.153,0.4317,106,0.7117,0.42185232
8482740,20252026,22.0477,0.3958,87,0.6515,0.44227196
8482742,20232024,,,,,
8482742,20242025,22.559,0.6567,64,0.5217,0.42312016
8482742,20252026,21.591,0.2362,23,0.2671,0.39592332
8482744,20232024,22.242,0.5296,24,0.2845,0.38943073
8482744,20242025,22.269,0.4967,6,0.1267,0.30742668
8482744,20252026,,,,,
8482745,20232024,22.265,0.5378,39,0.4013,0.41176552
8482745,20242025,21.811,0.305,48,0.425,0.41619899
8482745,20252026,21.846,0.3176,29,0.3208,0.43918807
8482747,20232024,21.001,0.1069,3,0.0757,0.39597437
8482747,20242025,21.47,0.1867,11,0.185,0.42630535
8482747,20252026,22.229,0.5016,21,0.2606,0.38534255
8482749,20232024,20.547,0.0559,6,0.1283,0.40291821
8482749,20242025,21.628,0.2283,1,0.02,0.38173886
8482749,20252026,22.4115,0.5945,4,0.0961,0.43196416
8482751,20232024,21.895,0.3421,14,0.2056,0.41418619
8482751,20242025,22.002,0.3817,13,0.2,0.39422683
8482751,20252026,22.5898,0.6857,140,0.842,0.38105751
8482758,20232024,,,,,
8482758,20242025,20.183,0.0233,1,0.02,0.49440577
8482758,20252026,22.1175,0.4381,13,0.2036,0.45163505
8482762,20232024,21.023,0.207,4,0.1656,0.40119946
8482762,20242025,21.738,0.5472,40,0.7484,0.40039648
8482762,20252026,22.1697,0.713,26,0.5494,0.40643941
8482763,20232024,,,,,
8482763,20242025,21.636,0.235,21,0.2633,0.41500079
8482763,20252026,,,,,
8482765,20232024,21.047,0.1118,6,0.1283,0.34563393
8482765,20242025,21.512,0.1967,10,0.175,0.4206796
8482765,20252026,22.7274,0.7427,51,0.4495,0.40927902
8482768,20232024,,,,,
8482768,20242025,22.614,0.6833,86,0.62,0.43254345
8482768,20252026,22.8796,0.8143,113,0.7638,0.41925785
8482775,20232024,,,,,
8482775,20242025,22.211,0.4683,23,0.2783,0.40010837
8482775,20252026,22.425,0.5977,127,0.8078,0.40161073
8482803,20232024,22.094,0.6815,20,0.4809,0.41444037
8482803,20242025,22.979,0.9214,85,0.9308,0.42760162
8482803,20252026,22.4921,0.821,170,0.9877,0.44074741
8482807,20232024,19.234,0.0159,0,0.0032,0.36123692
8482807,20242025,21.565,0.4591,10,0.3302,0.41119158
8482807,20252026,21.7812,0.537,4,0.2284,0.40189299
8482809,20232024,19.613,0.0148,0,0.0016,0.51662717
8482809,20242025,21.532,0.205,40,0.38,0.49571933
8482809,20252026,21.7765,0.2932,67,0.5309,0.47671255
8482858,20232024,21.695,0.4936,21,0.4936,0.45103491
8482858,20242025,21.828,0.5912,55,0.8491,0.40552673
8482858,20252026,22.9884,0.9198,42,0.7284,0.40260752
8482859,20232024,22.917,0.8503,17,0.2303,0.37625981
8482859,20242025,23.286,0.9367,104,0.6983,0.3992998
8482859,20252026,23.2739,0.9137,152,0.8697,0.38604384
8482896,20232024,,,,,
8482896,20242025,22.586,0.6683,38,0.365,0.37677508
8482896,20252026,23.4077,0.9365,106,0.7329,0.35893521
8482929,20232024,22.316,0.758,32,0.6338,0.41896429
8482929,20242025,22.461,0.8113,44,0.7925,0.41518929
8482929,20252026,21.7948,0.5432,32,0.6389,0.40438366
8482964,20232024,21.417,0.3726,17,0.4522,0.42176875
8482964,20242025,21.263,0.327,24,0.544,0.41525048
8482964,20252026,21.8132,0.5525,16,0.4444,0.42663622
8483395,20232024,21.801,0.3092,7,0.148,0.42138211
8483395,20242025,22.362,0.545,11,0.185,0.42251183
8483395,20252026,22.5717,0.6694,27,0.2997,0.40370678
8483397,20232024,19.656,0.0214,0,0.0016,0.45301239
8483397,20242025,21.957,0.3667,18,0.2383,0.39765413
8483397,20252026,21.8121,0.2997,10,0.171,0.39878939
8483424,20232024,,,,,
8483424,20242025,22.741,0.73,30,0.3333,0.40385225
8483424,20252026,22.5808,0.6775,38,0.3811,0.44352847
8483425,20232024,,,,,
8483425,20242025,21.728,0.544,17,0.4497,0.4124857
8483425,20252026,21.2805,0.3488,14,0.3951,0.40305007
8483431,20232024,23.557,0.972,194,0.9457,0.41430421
8483431,20242025,23.161,0.9117,214,0.9683,0.42124375
8483431,20252026,24.3765,0.9951,214,0.9674,0.42826695
8483432,20232024,19.09,0.0049,0,0.0016,0.39610725
8483432,20242025,20.292,0.0283,3,0.07,0.37711604
8483432,20252026,20.8975,0.0733,6,0.127,0.3933453
8483445,20232024,20.703,0.0609,1,0.0313,0.38055095
8483445,20242025,23.366,0.95,200,0.955,0.39277011
8483445,20252026,23.0563,0.8632,205,0.9593,0.43668916
8483447,20232024,,,,,
8483447,20242025,22.405,0.5717,89,0.6367,0.41139863
8483447,20252026,22.5296,0.6547,18,0.2459,0.40969585
8483448,20232024,,,,,
8483448,20242025,22.16,0.6761,22,0.5252,0.39671963
8483448,20252026,21.4937,0.4228,3,0.1975,0.3768289
8483457,20232024,21.39,0.3631,2,0.1146,0.40979119
8483457,20242025,23.771,0.9937,107,0.9623,0.4489329
8483457,20252026,22.9676,0.9167,141,0.9753,0.46205132
8483460,20232024,21.527,0.4299,8,0.2803,0.40616611
8483460,20242025,21.364,0.3679,2,0.1321,0.40652748
8483460,20252026,20.0101,0.0802,1,0.0772,0.40804054
8483464,20232024,,,,,
8483464,20242025,22.296,0.51,163,0.885,0.41971974
8483464,20252026,22.835,0.7948,138,0.8306,0.39987979
8483466,20232024,22.104,0.6879,53,0.8153,0.41471181
8483466,20242025,21.089,0.2516,16,0.4403,0.39363931
8483466,20252026,20.7366,0.2006,4,0.2284,0.40036255
8483468,20232024,20.83,0.0773,1,0.0313,0.29642676
8483468,20242025,22.264,0.495,141,0.835,0.43020389
8483468,20252026,21.9365,0.3534,30,0.329,0.41385227
8483472,20232024,,,,,
8483472,20242025,21.764,0.5566,14,0.3994,0.42585817
8483472,20252026,21.2416,0.3272,2,0.1543,0.40866673
8483476,20232024,,,,,
8483476,20242025,20.807,0.0617,15,0.215,0.44497295
8483476,20252026,20.9688,0.0831,4,0.0961,0.40955402
8483481,20232024,,,,,
8483481,20242025,21.849,0.3267,27,0.3167,0.41974947
8483481,20252026,,,,,
8483482,20232024,21.133,0.2611,5,0.1815,0.41618549
8483482,20242025,22.029,0.6226,7,0.2642,0.37440304
8483482,20252026,19.6546,0.037,0,0.0031,0.50051568
8483485,20232024,,,,,
8483485,20242025,21.691,0.5157,27,0.6006,0.39170976
8483485,20252026,22.2794,0.7438,77,0.9167,0.40450883
8483487,20232024,,,,,
8483487,20242025,21.789,0.2967,8,0.155,0.45825186
8483487,20252026,22.6127,0.6922,28,0.3127,0.41928212
8483489,20232024,22.278,0.5477,7,0.148,0.40925015
8483489,20242025,22.533,0.6383,26,0.3083,0.40490552
8483489,20252026,22.7141,0.7378,117,0.7752,0.40808943
8483490,20232024,21.931,0.5955,36,0.6656,0.41638016
8483490,20242025,21.467,0.4214,38,0.7233,0.39016631
8483490,20252026,22.0034,0.6204,45,0.7593,0.40926726
8483491,20232024,21.189,0.1332,15,0.2155,0.38269808
8483491,20242025,22.32,0.5233,11,0.185,0.41165671
8483491,20252026,22.5288,0.6531,11,0.184,0.39699759
8483493,20232024,21.956,0.3865,5,0.1086,0.40213595
8483493,20242025,23.066,0.865,146,0.8533,0.38863335
8483493,20252026,23.7618,0.9772,190,0.9349,0.41493703
8483495,20232024,21.955,0.6019,18,0.465,0.40919666
8483495,20242025,21.254,0.3145,6,0.2453,0.42364242
8483495,20252026,21.3697,0.3858,18,0.4907,0.43069028
8483497,20232024,,,,,
8483497,20242025,21.507,0.195,5,0.1083,0.41851027
8483497,20252026,21.9009,0.3371,25,0.2818,0.41956052
8483499,20232024,21.39,0.1776,6,0.1283,0.39143078
8483499,20242025,21.607,0.22,27,0.3167,0.39945072
8483499,20252026,22.6449,0.7036,127,0.8078,0.38445764
8483503,20232024,,,,,
8483503,20242025,20.952,0.2264,3,0.1509,0.42529451
8483503,20252026,20.2284,0.1049,1,0.0772,0.41268225
8483505,20232024,21.501,0.2072,30,0.3306,0.43376015
8483505,20242025,21.214,0.1183,35,0.3483,0.43357723
8483505,20252026,21.0736,0.1042,3,0.0619,0.45158165
8483515,20232024,22.762,0.7845,85,0.6447,0.43077929
8483515,20242025,22.039,0.3933,63,0.5167,0.44257934
8483515,20252026,23.0331,0.8502,162,0.8811,0.44958188
8483516,20232024,,,,,
8483516,20242025,22.038,0.3917,10,0.175,0.45071531
8483516,20252026,22.056,0.4007,73,0.5798,0.42990983
8483524,20232024,21.467,0.1974,16,0.2204,0.48573578
8483524,20242025,22.905,0.8083,209,0.965,0.42016721
8483524,20252026,22.492,0.6352,140,0.842,0.41881226
8483553,20232024,,,,,
8483553,20242025,22.515,0.6217,68,0.5383,0.4127252
8483553,20252026,22.8255,0.7915,75,0.5961,0.39962723
8483565,20232024,20.945,0.1847,5,0.1815,0.3924271
8483565,20242025,22.589,0.8459,54,0.8396,0.43391944
8483565,20252026,21.4004,0.4074,27,0.5741,0.45301237
8483567,20232024,21.193,0.1365,2,0.0526,0.38207498
8483567,20242025,21.371,0.1567,6,0.1267,0.38941062
8483567,20252026,19.8265,0.0147,0,0.0,0.3554953
8483570,20232024,22.027,0.4211,24,0.2845,0.39246516
8483570,20242025,21.283,0.14,7,0.15,0.41453857
8483570,20252026,22.8377,0.7964,75,0.5961,0.37618002
8483573,20232024,,,,,
8483573,20242025,22.837,0.7783,57,0.4817,0.42644905
8483573,20252026,23.5171,0.9511,227,0.9739,0.42652251
8483609,20232024,22.906,0.8487,6,0.1283,0.43247984
8483609,20242025,21.411,0.1717,33,0.3433,0.4309123
8483609,20252026,22.588,0.6824,104,0.7215,0.41163202
8483678,20232024,,,,,
8483678,20242025,23.716,0.9906,18,0.4654,0.43796911
8483678,20252026,22.6507,0.8519,41,0.7253,0.39117101
8483768,20232024,,,,,
8483768,20242025,21.687,0.5126,14,0.3994,0.39620403
8483768,20252026,21.2991,0.3519,11,0.3611,0.388664
8483808,20232024,20.956,0.0987,6,0.1283,0.48101263
8483808,20242025,20.84,0.065,17,0.2283,0.45817488
8483808,20252026,21.0307,0.0945,10,0.171,0.45399234
8483930,20232024,,,,,
8483930,20242025,22.97,0.8317,85,0.6167,0.43533079
8483930,20252026,21.1611,0.1303,8,0.1547,0.41152472
8484136,20232024,,,,,
8484136,20242025,23.103,0.8833,48,0.425,0.41814938
8484136,20252026,23.6938,0.9691,190,0.9349,0.40956878
8484144,20232024,22.733,0.7599,102,0.7434,0.42283738
8484144,20242025,21.435,0.1783,70,0.55,0.41341048
8484144,20252026,22.3625,0.5668,195,0.9479,0.42303335
8484145,20232024,21.468,0.199,22,0.2648,0.42466007
8484145,20242025,21.53,0.2033,51,0.44,0.43316377
8484145,20252026,22.0581,0.4039,74,0.5879,0.43057672
8484153,20232024,22.073,0.4539,103,0.7451,0.42625666
8484153,20242025,23.751,0.9767,163,0.885,0.41322137
8484153,20252026,22.4629,0.6205,197,0.9511,0.44554698
8484166,20232024,22.699,0.7566,179,0.9227,0.41953325
8484166,20242025,23.463,0.96,264,0.98,0.39395681
8484166,20252026,23.3876,0.9316,196,0.9495,0.43571292
8484186,20232024,,,,,
8484186,20242025,22.323,0.525,17,0.2283,0.38022857
8484186,20252026,24.2609,0.9935,123,0.7899,0.40613343
8484197,20232024,,,,,
8484197,20242025,21.667,0.2483,25,0.2983,0.39091587
8484197,20252026,23.0026,0.842,140,0.842,0.4110818
8484227,20232024,,,,,
8484227,20242025,21.641,0.24,63,0.5167,0.42000833
8484227,20252026,22.1002,0.4283,95,0.6873,0.44289316
8484258,20232024,23.124,0.9427,26,0.5541,0.41896244
8484258,20242025,22.295,0.7484,96,0.956,0.43590088
8484258,20252026,22.9331,0.9105,116,0.963,0.44447
8484304,20232024,21.296,0.3344,20,0.4809,0.45162384
8484304,20242025,21.793,0.5723,47,0.7987,0.4569305
8484304,20252026,23.1088,0.9475,33,0.6512,0.44932383
8484314,20232024,21.177,0.1299,17,0.2303,0.39239503
8484314,20242025,,,,,
8484314,20252026,,,,,
8484321,20232024,21.565,0.449,2,0.1146,0.41750869
8484321,20242025,22.627,0.8553,35,0.695,0.42274766
8484321,20252026,23.1269,0.9506,44,0.7531,0.40482107
8484325,20232024,22.025,0.4194,32,0.352,0.39920474
8484325,20242025,,,,,
8484325,20252026,,,,,
8484387,20232024,,,,,
8484387,20242025,21.906,0.35,68,0.5383,0.43416819
8484387,20252026,21.4896,0.1938,79,0.6205,0.44936642
8484783,20232024,,,,,
8484783,20242025,21.105,0.2579,5,0.2138,0.41514498
8484783,20252026,22.1477,0.6883,43,0.7438,0.42930089
8484801,20232024,,,,,
8484801,20242025,23.098,0.8817,168,0.9017,0.44209136
8484801,20252026,22.3202,0.544,186,0.9251,0.44534213
8484911,20232024,22.191,0.5115,9,0.1661,0.38396461
8484911,20242025,22.575,0.665,64,0.5217,0.37507979
8484911,20252026,22.9206,0.8208,123,0.7899,0.37350494
8484929,20232024,,,,,
8484929,20242025,21.895,0.3467,25,0.2983,0.44679114
8484929,20252026,,,,,
8484958,20232024,,,,,
8484958,20242025,22.334,0.5317,75,0.5683,0.42009572
8484958,20252026,21.3268,0.1629,17,0.2394,0.40527393
8484976,20232024,,,,,
8484976,20242025,21.296,0.145,5,0.1083,0.4205699
8484976,20252026,,,,,
