game_id,referees
2025020002,Wes McCauley|Jake Brenk
2025020008,Chris Schlenker|Justin Kea
2025020011,Kelly Sutherland|Brandon Blandina
2025020016,Jake Brenk|Michael Markovic
2025020035,Kyle Rehman|Tom Chmielewski
2025020038,Corey Syvret|Chris Lee
2025020047,Chris Schlenker|Garrett Rank
2025020048,Jean Hebert|Morgan MacPhee
2025020054,Jean Hebert|Corey Syvret
2025020057,Kendrick Nicholson|Justin Kea
2025020058,Furman South|Brandon Blandina
2025020073,Thomas John Luxmore|Brandon Schrader
2025020075,Chris Schlenker|Trevor Hanson
2025020081,Francis Charron|Stephen Hiff
2025020082,Garrett Rank|Morgan MacPhee
2025020087,Kyle Rehman|Jake Brenk
2025020103,Kelly Sutherland|Jordan Samuels-Thomas
2025020134,Kyle Rehman|Pierre Lambert
2025020136,Graham Skilliter|Brandon Schrader
2025020150,Chris Lee|Michael Markovic
2025020155,Thomas John Luxmore|Carter Sandlak
2025020152,Kendrick Nicholson|Brandon Blandina
2025020163,Corey Syvret|Jon McIsaac
2025020183,Gord Dwyer|Justin Kea
2025020192,Cody Beach|Peter MacDougall
2025020198,Graham Skilliter|Brandon Schrader
2025020199,Jon McIsaac|Thomas John Luxmore
2025020203,Mitch Dunning|Thomas John Luxmore
2025020234,Kyle Rehman|Brandon Blandina
2025020236,Jean Hebert|Eric Furlatt
2025020250,Cody Beach|Kendrick Nicholson
2025020252,Jake Brenk|Justin Kea
2025020255,Chris Lee|Stephen Hiff
2025020263,Tom Chmielewski|Graedy Hamilton
2025020283,Jon McIsaac|Graham Skilliter
2025020292,Gord Dwyer|Stephen Hiff
2025020298,Cody Beach|Jake Brenk
2025020299,Kelly Sutherland|Justin Kea
2025020315,Garrett Rank|Francois St-Laurent
2025020320,Corey Syvret|Jake Brenk
2025020326,Gord Dwyer|Michael Markovic
2025020328,Chris Schlenker|Morgan MacPhee
2025020341,Tom Chmielewski|Mitch Dunning
2025020345,Francois St-Laurent|Brandon Blandina
2025020346,Eric Furlatt|Michael Markovic
2025020356,Jean Hebert|Justin Kea
2025020374,Garrett Rank|Cody Beach
2025020376,Pierre Lambert|Jake Brenk
2025020396,Francis Charron|Morgan MacPhee
2025020400,Graham Skilliter|Jordan Samuels-Thomas
2025020401,Kyle Rehman|Corey Syvret
2025020407,Francis Charron|Michael Markovic
2025020409,Garrett Rank|Cody Beach
2025020414,Furman South|Trevor Hanson
2025020413,Wes McCauley|Gord Dwyer
2025020425,Jon McIsaac|Brandon Schrader
2025020472,Tom Chmielewski|Peter MacDougall
2025020480,Francis Charron|Michael Markovic
2025020484,Mitch Dunning|Peter MacDougall
2025020489,Kelly Sutherland|Liam Maaskant
2025020491,Garrett Rank|Graham Skilliter
2025020493,Pierre Lambert|Justin Kea
2025020503,Garrett Rank|Michael Markovic
2025020534,Mitch Dunning|Peter MacDougall
2025020536,Frederick L'Ecuyer|Thomas John Luxmore
2025020550,Francis Charron|Brandon Blandina
2025020552,Kelly Sutherland|Trevor Hanson
2025020555,Brian Pochmara|Jordan Samuels-Thomas
2025020563,Chris Schlenker|Kelly Sutherland
2025020583,Tom Chmielewski|Justin Kea
2025020592,Francis Charron|Morgan MacPhee
2025020598,Trevor Hanson|Michael Markovic
2025020599,Graham Skilliter|Chris Lee
2025020602,Cody Beach|Kendrick Nicholson
2025020608,Wes McCauley|Carter Sandlak
2025020611,Francis Charron|Justin Kea
2025020616,Jon McIsaac|Gord Dwyer
2025020635,Cody Beach|Jake Brenk
2025020638,Jon McIsaac|Brian Pochmara
2025020647,Jon McIsaac|Tom Chmielewski
2025020648,Corey Syvret|Carter Sandlak
2025020654,Kelly Sutherland|Morgan MacPhee
2025020657,Wes McCauley|Jordan Samuels-Thomas
2025020658,Cody Beach|Chris Lee
2025020673,Cody Beach|Tom Chmielewski
2025020675,Kyle Rehman|Corey Syvret
2025020681,Corey Syvret|Kendrick Nicholson
2025020682,Furman South|Pierre Lambert
2025020687,Francois St-Laurent|Riley Brace
2025020703,Kelly Sutherland|Tom Chmielewski
2025020734,Wes McCauley|Corey Syvret
2025020736,Chris Schlenker|Chris Rooney
2025020750,Eric Furlatt|Carter Sandlak
2025020752,Trevor Hanson|Liam Maaskant
2025020755,Dan O'Rourke|Beau Halkidis
2025020763,Gord Dwyer|Mike Sullivan
2025020783,Francois St-Laurent|Carter Sandlak
2025020792,Thomas John Luxmore|Riley Brace
2025020798,Jean Hebert|Corey Syvret
2025020799,Graham Skilliter|Jordan Samuels-Thomas
2025020805,Chris Rooney|Furman South
2025020821,Jon McIsaac|Chris Schlenker
2025020830,Pierre Lambert|Jake Brenk
2025020831,Chris Schlenker|Kendrick Nicholson
2025020832,Jon McIsaac|Mike Sullivan
2025020833,Chris Rooney|Justin Kea
2025020837,Dan O'Rourke|Morgan MacPhee
2025020839,Tom Chmielewski|Jordan Samuels-Thomas
2025020840,Chris Rooney|Brandon Schrader
2025020849,Thomas John Luxmore|Riley Brace
2025020851,Kelly Sutherland|Beau Halkidis
2025020853,Dan O'Rourke|Stephen Hiff
2025020860,Chris Schlenker|Garrett Rank
2025020861,Eric Furlatt|Chris Lee
2025020867,Francois St-Laurent|Brandon Blandina
2025020869,Trevor Hanson|Jordan Samuels-Thomas
2025020871,Tom Chmielewski|Peter MacDougall
2025020878,Brian Pochmara|Jake Brenk
2025020894,Kendrick Nicholson|Brandon Blandina
2025020902,Jordan Samuels-Thomas|Peter MacDougall
2025020908,Kelly Sutherland|Justin Kea
2025020911,Jon McIsaac|Brandon Blandina
2025020916,Francois St-Laurent|Peter MacDougall
2025020935,Francis Charron|Kendrick Nicholson
2025020938,Kyle Rehman|Corey Syvret
2025020947,Chris Rooney|Kendrick Nicholson
2025020948,Kelly Sutherland|Jordan Samuels-Thomas
2025020954,Thomas John Luxmore|Stephen Hiff
2025020957,Francois St-Laurent|Corey Syvret
2025020958,Kyle Rehman|Mitch Dunning
2025020973,Tom Chmielewski|Pierre Lambert
2025020975,Wes McCauley|Frederick L'Ecuyer
2025020981,Francis Charron|Brandon Schrader
2025020982,Tom Chmielewski|Pierre Lambert
2025020987,Trevor Hanson|Mike Sullivan
2025021003,Brian Pochmara|Eric Furlatt
2025021034,Thomas John Luxmore|Justin Kea
2025021036,Corey Syvret|Brandon Blandina
2025021050,Mitch Dunning|Jake Brenk
2025021052,Jon McIsaac|Mike Sullivan
2025021055,Kyle Rehman|Carter Sandlak
2025021063,Jean Hebert|Justin Kea
2025021083,Jake Brenk|Justin Kea
2025021092,Tom Chmielewski|Corey Syvret
2025021098,Kyle Rehman|Gord Dwyer
2025021099,Kelly Sutherland|Carter Sandlak
2025021122,Francis Charron|Eric Furlatt
2025021123,Thomas John Luxmore|Chris Lee
2025021129,Wes McCauley|Michael Markovic
2025021142,Kyle Rehman|Jordan Samuels-Thomas
2025021159,Kelly Sutherland|Stephen Hiff
2025021162,Trevor Hanson|Brandon Schrader
2025021164,Wes McCauley|Morgan MacPhee
2025021195,Jean Hebert|Carter Sandlak
2025021205,Chris Schlenker|Furman South
2025021221,Tom Chmielewski|Brandon Schrader
2025021230,Jon McIsaac|Kendrick Nicholson
2025021231,Kyle Rehman|Peter MacDougall
2025021232,Tom Chmielewski|Jordan Samuels-Thomas
2025021233,Eric Furlatt|Justin Kea
2025021237,Jean Hebert|Frederick L'Ecuyer
2025021239,Thomas John Luxmore|Beau Halkidis
2025021240,Pierre Lambert|Brandon Blandina
2025021249,Garrett Rank|Michael Markovic
2025021251,Jon McIsaac|Mike Sullivan
2025021253,Frederick L'Ecuyer|Tom Chmielewski
2025021260,Kelly Sutherland|Brandon Schrader
2025021261,Furman South|Gord Dwyer
2025021267,Wes McCauley|Brandon Blandina
2025021269,Kyle Rehman|Tom Chmielewski
2025021271,Garrett Rank|Pierre Lambert
2025021278,Jon McIsaac|Gord Dwyer
2025021294,Jake Brenk|Peter MacDougall
2024020004,Kelly Sutherland|Thomas John Luxmore
2024020006,Jon McIsaac|Dan O'Rourke
2024020017,Kelly Sutherland|Brandon Schrader
2024020018,Francois St-Laurent|Furman South
2024020019,Peter MacDougall|Brandon Blandina
2024020027,Gord Dwyer|Jake Brenk
2024020043,Pierre Lambert|Jake Brenk
2024020065,Jean Hebert|Brian Pochmara
2024020066,Kelly Sutherland|Justin Kea
2024020070,Frederick L'Ecuyer|Mike Sullivan
2024020085,Steve Kozari|Jordan Samuels-Thomas
2024020086,Ghislain Hebert|Corey Syvret
2024020097,Furman South|Thomas John Luxmore
2024020102,Brandon Schrader|Peter MacDougall
2024020108,Garrett Rank|Jean Hebert
2024020111,Brian Pochmara|Gord Dwyer
2024020116,Jon McIsaac|Tom Chmielewski
2024020135,Dan O'Rourke|Corey Syvret
2024020138,Ghislain Hebert|Carter Sandlak
2024020147,Dan O'Rourke|Brian Pochmara
2024020148,Pierre Lambert|Jake Brenk
2024020154,Dan O'Rourke|Gord Dwyer
2024020157,Brian Pochmara|Brandon Schrader
2024020158,Gord Dwyer|Morgan MacPhee
2024020173,Chris Lee|Riley Brace
2024020175,Thomas John Luxmore|Peter MacDougall
2024020181,Gord Dwyer|Mitch Dunning
2024020182,Wes McCauley|Cody Beach
2024020187,Chris Rooney|Jake Brenk
2024020215,Gord Dwyer|Cody Beach
2024020220,Ghislain Hebert|Chris Lee
2024020226,Garrett Rank|Dan O'Rourke
2024020228,Ghislain Hebert|Chris Lee
2024020241,Mitch Dunning|Jake Brenk
2024020245,Francis Charron|Justin Kea
2024020246,Jean Hebert|Ghislain Hebert
2024020256,Kyle Rehman|Cody Beach
2024020274,Chris Rooney|Garrett Rank
2024020276,Mitch Dunning|Kendrick Nicholson
2024020296,Kelly Sutherland|Corey Syvret
2024020303,Michael Markovic|Peter MacDougall
2024020334,Kelly Sutherland|Furman South
2024020336,Francis Charron|Beau Halkidis
2024020350,Jake Brenk|Carter Sandlak
2024020352,Wes McCauley|Frederick L'Ecuyer
2024020355,Brian Pochmara|Mike Sullivan
2024020363,Chris Lee|Cody Beach
2024020383,Chris Rooney|Eric Furlatt
2024020392,Furman South|Pierre Lambert
2024020398,Peter MacDougall|Steve Kozari
2024020399,Chris Lee|Jordan Samuels-Thomas
2024020422,Trevor Hanson|Michael Markovic
2024020423,Thomas John Luxmore|Pierre Lambert
2024020429,Brian Pochmara|Cody Beach
2024020442,Thomas John Luxmore|Jake Brenk
2024020459,Brian Pochmara|Kendrick Nicholson
2024020462,Tom Chmielewski|Mike Sullivan
2024020464,Mitch Dunning|Pierre Lambert
2024020495,Francis Charron|Kelly Sutherland
2024020522,Kendrick Nicholson|Justin Kea
2024020523,Furman South|Ghislain Hebert
2024020529,Kyle Rehman|Graedy Hamilton
2024020542,Cody Beach|Steve Kozari
2024020559,Chris Rooney|Justin Kea
2024020562,Steve Kozari|Graedy Hamilton
2024020564,Thomas John Luxmore|Jake Brenk
2024020595,Chris Rooney|Brandon Blandina
2024020622,Trevor Hanson|Kendrick Nicholson
2024020623,Jean Hebert|Frederick L'Ecuyer
2024020629,Brandon Schrader|Peter MacDougall
2024020642,Garrett Rank|Justin Kea
2024020659,Francois St-Laurent|Brandon Schrader
2024020662,Chris Lee|Cody Beach
2024020664,Brian Pochmara|Mitch Dunning
2024020695,Brian Pochmara|Mitch Dunning
2024020705,Ghislain Hebert|Pierre Lambert
2024020721,Chris Rooney|Kelly Sutherland
2024020730,Jake Brenk|Beau Halkidis
2024020731,Michael Markovic|Peter MacDougall
2024020732,Furman South|Jean Hebert
2024020733,Chris Rooney|Brandon Schrader
2024020737,Dan O'Rourke|Corey Syvret
2024020739,Pierre Lambert|Brandon Schrader
2024020740,Gord Dwyer|Michael Markovic
2024020749,Francis Charron|Kendrick Nicholson
2024020751,Dan O'Rourke|Corey Syvret
2024020753,Jon McIsaac|Justin Kea
2024020760,Frederick L'Ecuyer|Brandon Schrader
2024020761,Thomas John Luxmore|Eric Furlatt
2024020767,Chris Schlenker|Tom Chmielewski
2024020769,Chris Lee|Jordan Samuels-Thomas
2024020771,Kyle Rehman|Graham Skilliter
2024020778,Frederick L'Ecuyer|Graham Skilliter
2024020794,Wes McCauley|Carter Sandlak
2024020822,Gord Dwyer|Justin Kea
2024020823,Francis Charron|Corey Syvret
2024020829,Dan O'Rourke|Brian Pochmara
2024020842,Kendrick Nicholson|Peter MacDougall
2024020859,Kelly Sutherland|Jean Hebert
2024020862,Jon McIsaac|Brandon Blandina
2024020864,Jean Hebert|Cody Beach
2024020895,Furman South|Graham Skilliter
2024020905,Garrett Rank|Brandon Schrader
2024020921,Pierre Lambert|Michael Markovic
2024020930,Furman South|Brian Pochmara
2024020931,Jon McIsaac|Jean Hebert
2024020932,Wes McCauley|Thomas John Luxmore
2024020933,Kyle Rehman|Brandon Schrader
2024020937,Chris Rooney|Eric Furlatt
2024020939,Gord Dwyer|Brandon Blandina
2024020940,Tom Chmielewski|Michael Markovic
2024020949,Mitch Dunning|Pierre Lambert
2024020951,Kelly Sutherland|Eric Furlatt
2024020953,Chris Lee|Brandon Schrader
2024020960,Jean Hebert|Cody Beach
2024020961,Jon McIsaac|Pierre Lambert
2024020967,Jon McIsaac|Brandon Schrader
2024020969,Kelly Sutherland|Gord Dwyer
2024020971,Ghislain Hebert|Chris Lee
2024020978,Francis Charron|Jordan Samuels-Thomas
2024020994,Kyle Rehman|Gord Dwyer
2024021022,Garrett Rank|Jean Hebert
2024021023,Kyle Rehman|Corey Syvret
2024021029,Wes McCauley|Francois St-Laurent
2024021042,Kelly Sutherland|Jake Brenk
2024021059,Kyle Rehman|Frederick L'Ecuyer
2024021062,Mitch Dunning|Peter MacDougall
2024021064,Gord Dwyer|Jordan Samuels-Thomas
2024021095,Corey Syvret|Pierre Lambert
2024021122,Jean Hebert|Ghislain Hebert
2024021123,Chris Schlenker|Francis Charron
2024021129,Wes McCauley|Furman South
2024021142,Graham Skilliter|Cody Beach
2024021159,Furman South|Brandon Blandina
2024021162,Chris Rooney|Brian Pochmara
2024021164,Wes McCauley|Garrett Rank
2024021195,Dan O'Rourke|Pierre Lambert
2024021222,Jean Hebert|Mitch Dunning
2024021223,Dan O'Rourke|Brandon Schrader
2024021229,Eric Furlatt|Peter MacDougall
2024021242,Wes McCauley|Brian Pochmara
2024021259,Corey Syvret|Justin Kea
2024021262,Pierre Lambert|Brandon Blandina
2024021264,Wes McCauley|Francis Charron
2024021295,Jake Brenk|Eric Furlatt
2023020003,Wes McCauley|Chris Lee
2023020034,Kendrick Nicholson|Brandon Schrader
2023020036,Kyle Rehman|Carter Sandlak
2023020050,Wes McCauley|Brian Pochmara
2023020052,Gord Dwyer|Mitch Dunning
2023020055,Ghislain Hebert|Corey Syvret
2023020063,Kelly Sutherland|Peter MacDougall
2023020083,Kelly Sutherland|Frederick L'Ecuyer
2023020092,Gord Dwyer|Kendrick Nicholson
2023020098,Kyle Rehman|Steve Kozari
2023020099,Francois St-Laurent|Graham Skilliter
2023020122,Jean Hebert|Carter Sandlak
2023020123,Gord Dwyer|Corey Syvret
2023020129,Garrett Rank|Eric Furlatt
2023020142,Trevor Hanson|Brian Pochmara
2023020159,Kelly Sutherland|Brian Pochmara
2023020162,Eric Furlatt|Kendrick Nicholson
2023020164,Dan O'Rourke|Justin Kea
2023020195,Brian Pochmara|Brandon Blandina
2023020203,Tom Chmielewski|Morgan MacPhee
2023020234,Wes McCauley|Brandon Blandina
2023020236,Chris Schlenker|Furman South
2023020250,Chris Rooney|Beau Halkidis
2023020252,Frederick L'Ecuyer|Steve Kozari
2023020255,Brian Pochmara|Morgan MacPhee
2023020263,Jake Brenk|Peter MacDougall
2023020283,Furman South|Graham Skilliter
2023020292,Garrett Rank|Beau Halkidis
2023020298,Jon McIsaac|Wes McCauley
2023020299,Trevor Hanson|Corey Syvret
2023020304,Jean Hebert|Kevin Pollock
2023020306,Furman South|Brian Pochmara
2023020317,Furman South|Graham Skilliter
2023020318,Jon McIsaac|Chris Lee
2023020319,Kyle Rehman|Kevin Pollock
2023020327,Francis Charron|Thomas John Luxmore
2023020343,Kevin Pollock|Brandon Blandina
2023020365,Jean Hebert|Jake Brenk
2023020366,Brian Pochmara|Chris Lee
2023020370,Chris Schlenker|Francis Charron
2023020385,Mitch Dunning|Graham Skilliter
2023020386,Kyle Rehman|Corey Syvret
2023020397,Furman South|Steve Kozari
2023020415,Jon McIsaac|Garrett Rank
2023020420,Tom Chmielewski|Carter Sandlak
2023020426,Corey Syvret|Kendrick Nicholson
2023020428,Jon McIsaac|Francois St-Laurent
2023020441,Furman South|Corey Syvret
2023020445,Gord Dwyer|Peter MacDougall
2023020446,Kelly Sutherland|Furman South
2023020456,Mitch Dunning|Pierre Lambert
2023020474,Kelly Sutherland|Beau Halkidis
2023020476,Jean Hebert|Michael Markovic
2023020496,Francis Charron|Michael Markovic
2023020503,Francis Charron|Peter MacDougall
2023020534,Chris Rooney|Tom Chmielewski
2023020536,Francois St-Laurent|Justin Kea
2023020550,Furman South|Brian Pochmara
2023020552,Chris Rooney|Mitch Dunning
2023020555,Pierre Lambert|Cody Beach
2023020563,Jake Brenk|Brandon Schrader
2023020583,Tom Chmielewski|Cody Beach
2023020592,Eric Furlatt|Brandon Blandina
2023020598,Tom Chmielewski|Steve Kozari
2023020599,Garrett Rank|Furman South
2023020600,Thomas John Luxmore|Carter Sandlak
2023020601,Francois St-Laurent|Chris Lee
2023020607,Chris Rooney|Brandon Schrader
2023020609,Frederick L'Ecuyer|Mitch Dunning
2023020613,Francois St-Laurent|Chris Lee
2023020614,Michael Markovic|Peter MacDougall
2023020625,Kelly Sutherland|Michael Markovic
2023020672,Kendrick Nicholson|Peter MacDougall
2023020680,Kyle Rehman|Tom Chmielewski
2023020684,Frederick L'Ecuyer|Brandon Schrader
2023020689,Jean Hebert|Jake Brenk
2023020691,Garrett Rank|Brandon Blandina
2023020693,Furman South|Ghislain Hebert
2023020710,Chris Rooney|Carter Sandlak
2023020712,Tom Chmielewski|Graham Skilliter
2023020724,Furman South|Ghislain Hebert
2023020744,Francis Charron|Steve Kozari
2023020768,Pierre Lambert|Cody Beach
2023020777,Chris Schlenker|Tom Chmielewski
2023020779,Furman South|Peter MacDougall
2023020788,Francis Charron|Jake Brenk
2023020790,Kyle Rehman|Kelly Sutherland
2023020810,Dan O'Rourke|Michael Markovic
2023020812,Eric Furlatt|Beau Halkidis
2023020824,Francois St-Laurent|Graham Skilliter
2023020844,Chris Rooney|Jordan Samuels-Thomas
2023020868,Frederick L'Ecuyer|Thomas John Luxmore
2023020877,Francis Charron|Michael Markovic
2023020879,Chris Rooney|Francois St-Laurent
2023020888,Tom Chmielewski|Eric Furlatt
2023020890,Chris Schlenker|Francis Charron
2023020905,Chris Rooney|Francois St-Laurent
2023020921,Ghislain Hebert|Cody Beach
2023020930,Francis Charron|Mitch Dunning
2023020931,Garrett Rank|Peter MacDougall
2023020932,Corey Syvret|Chris Lee
2023020933,Chris Rooney|Brandon Schrader
2023020937,Kendrick Nicholson|Cody Beach
2023020939,Francis Charron|Furman South
2023020940,Trevor Hanson|Carter Sandlak
2023020949,Eric Furlatt|Chris Lee
2023020951,Jean Hebert|Carter Sandlak
2023020953,Mitch Dunning|Ghislain Hebert
2023020961,Garrett Rank|Kendrick Nicholson
2023020967,Kyle Rehman|Eric Furlatt
2023020960,Chris Lee|Brandon Blandina
2023020969,Tom Chmielewski|Jake Brenk
2023020971,Mitch Dunning|Chris Lee
2023020978,Jon McIsaac|Eric Furlatt
2023020994,Francois St-Laurent|Frederick L'Ecuyer
2023021022,Trevor Hanson|Frederick L'Ecuyer
2023021023,Mitch Dunning|Chris Lee
2023021029,Kelly Sutherland|Mitch Dunning
2023021042,Chris Schlenker|Kelly Sutherland
2023021059,Furman South|Jean Hebert
2023021062,Kyle Rehman|Trevor Hanson
2023021064,Garrett Rank|Chris Lee
2023021095,Dan O'Rourke|Brandon Schrader
2023021115,Ghislain Hebert|Chris Lee
2023021120,Tom Chmielewski|Corey Syvret
2023021126,Chris Rooney|Michael Markovic
2023021128,Jean Hebert|Kendrick Nicholson
2023021141,Wes McCauley|Carter Sandlak
2023021145,Chris Schlenker|Garrett Rank
2023021146,Dan O'Rourke|Graham Skilliter
2023021156,Garrett Rank|Furman South
2023021174,Jean Hebert|Kendrick Nicholson
2023021176,Frederick L'Ecuyer|Michael Markovic
2023021196,Jon McIsaac|Kelly Sutherland
2023021210,Kyle Rehman|Brandon Schrader
2023021212,Chris Rooney|Corey Syvret
2023021224,Chris Lee|Brandon Blandina
2023021244,Kelly Sutherland|Peter MacDougall
2023021268,Morgan MacPhee|Cody Beach
2023021277,Francois St-Laurent|Pierre Lambert
2023021279,Chris Rooney|Mitch Dunning
2023021288,Chris Rooney|Eric Furlatt
2023021290,Jake Brenk|Morgan MacPhee
2023021300,Mitch Dunning|Pierre Lambert
2023021301,Graham Skilliter|Carter Sandlak
2023021307,Michael Markovic|Jordan Samuels-Thomas
2023021309,Mitch Dunning|Beau Halkidis
2025020022,Cody Beach|Brian Pochmara
2025020023,Pierre Lambert|Jordan Samuels-Thomas
2025020029,Furman South|Kendrick Nicholson
2025020042,Kelly Sutherland|Michael Markovic
2025020059,Wes McCauley|Corey Syvret
2025020062,Cody Beach|Peter MacDougall
2025020064,Francis Charron|Michael Markovic
2025020095,Jon McIsaac|Graham Skilliter
2025020115,Kyle Rehman|Jordan Samuels-Thomas
2025020120,Trevor Hanson|Justin Kea
2025020126,Garrett Rank|Trevor Hanson
2025020128,Furman South|Peter MacDougall
2025020141,Frederick L'Ecuyer|Mitch Dunning
2025020145,Thomas John Luxmore|Justin Kea
2025020146,Graham Skilliter|Brandon Schrader
2025020156,Jean Hebert|Beau Halkidis
2025020174,Jon McIsaac|Eric Furlatt
2025020176,Wes McCauley|Corey Syvret
2025020196,Dan O'Rourke|Justin Kea
2025020215,Frederick L'Ecuyer|Stephen Hiff
2025020220,Jon McIsaac|Liam Maaskant
2025020226,Kelly Sutherland|Corey Syvret
2025020228,Jon McIsaac|Carter Sandlak
2025020241,Kendrick Nicholson|Jordan Samuels-Thomas
2025020245,Furman South|Peter MacDougall
2025020246,Francis Charron|Thomas John Luxmore
2025020256,Eric Furlatt|Justin Kea
2025020274,Thomas John Luxmore|Liam Maaskant
2025020276,Furman South|Tom Chmielewski
2025020296,Trevor Hanson|Frederick L'Ecuyer
2025020303,Jordan Samuels-Thomas|Peter MacDougall
2025020334,Cody Beach|Eric Furlatt
2025020336,Thomas John Luxmore|Jake Brenk
2025020350,Pierre Lambert|Carter Sandlak
2025020352,Francois St-Laurent|Brandon Blandina
2025020355,Mitch Dunning|Thomas John Luxmore
2025020363,Jean Hebert|Beau Halkidis
2025020383,Corey Syvret|Jordan Samuels-Thomas
2025020392,Garrett Rank|Liam Maaskant
2025020398,Chris Lee|Kendrick Nicholson
2025020399,Cody Beach|Brandon Schrader
2025020404,Peter MacDougall|Beau Halkidis
2025020406,Chris Schlenker|Francois St-Laurent
2025020417,Tom Chmielewski|Mitch Dunning
2025020418,Kyle Rehman|Graham Skilliter
2025020419,Jon McIsaac|Brandon Schrader
2025020427,Jean Hebert|Mike Sullivan
2025020443,Gord Dwyer|Chris Lee
2025020465,Pierre Lambert|Carter Sandlak
2025020466,Francis Charron|Michael Markovic
2025020470,Jon McIsaac|Justin Kea
2025020485,Furman South|Kendrick Nicholson
2025020486,Gord Dwyer|Alex Lepkowski
2025020497,Francis Charron|Carter Sandlak
2025020515,Thomas John Luxmore|Brandon Schrader
2025020520,Carter Sandlak|Kendrick Nicholson
2025020526,Kyle Rehman|Corey Syvret
2025020528,Kelly Sutherland|Cody Beach
2025020541,Kyle Rehman|Jordan Samuels-Thomas
2025020545,Jake Brenk|Peter MacDougall
2025020546,Chris Lee|Stephen Hiff
2025020556,Frederick L'Ecuyer|Peter MacDougall
2025020574,Graham Skilliter|Riley Brace
2025020576,Kelly Sutherland|Jordan Samuels-Thomas
2025020596,Gord Dwyer|Corey Syvret
2025020622,Francois St-Laurent|Morgan MacPhee
2025020623,Kyle Rehman|Furman South
2025020629,Tom Chmielewski|Justin Kea
2025020642,Brian Pochmara|Justin Kea
2025020659,Thomas John Luxmore|Pierre Lambert
2025020662,Chris Rooney|Brandon Blandina
2025020664,Garrett Rank|Gord Dwyer
2025020695,Thomas John Luxmore|Justin Kea
2025020715,Jake Brenk|Jordan Samuels-Thomas
2025020720,Dan O'Rourke|Pierre Lambert
2025020726,Chris Rooney|Furman South
2025020728,Michael Markovic|Stephen Hiff
2025020741,Kelly Sutherland|Brandon Blandina
2025020745,Francois St-Laurent|Jordan Samuels-Thomas
2025020746,Wes McCauley|Brandon Schrader
2025020756,Kyle Rehman|Cody Beach
2025020774,Francis Charron|Brandon Blandina
2025020776,Trevor Hanson|Jake Brenk
2025020796,Wes McCauley|Cody Beach
2025020810,Francis Charron|Liam Maaskant
2025020812,Brian Pochmara|Jake Brenk
2025020824,Dan O'Rourke|Brandon Blandina
2025020844,Garrett Rank|Alex Lepkowski
2025020868,Gord Dwyer|Stephen Hiff
2025020877,Francis Charron|Alex Lepkowski
2025020879,Chris Schlenker|Gord Dwyer
2025020890,Furman South|Brian Pochmara
2025020888,Kelly Sutherland|Justin Kea
2025020922,Tom Chmielewski|Stephen Hiff
2025020923,Kendrick Nicholson|Brandon Blandina
2025020929,Francois St-Laurent|Chris Lee
2025020942,Dan O'Rourke|Brandon Blandina
2025020959,Wes McCauley|Alex Lepkowski
2025020962,Chris Rooney|Liam Maaskant
2025020964,Jon McIsaac|Garrett Rank
2025020995,Chris Lee|Michael Markovic
2025021015,Cody Beach|Kendrick Nicholson
2025021020,Brian Pochmara|Jake Brenk
2025021026,Eric Furlatt|Mike Sullivan
2025021028,Francis Charron|Furman South
2025021041,Garrett Rank|Stephen Hiff
2025021045,Corey Syvret|Brandon Blandina
2025021046,Chris Lee|Brandon Schrader
2025021056,Wes McCauley|Chris Rooney
2025021074,Chris Schlenker|Tom Chmielewski
2025021076,Graham Skilliter|Jordan Samuels-Thomas
2025021096,Jon McIsaac|Morgan MacPhee
2025021102,Cody Beach|Trevor Hanson
2025021108,Graham Skilliter|Brandon Blandina
2025021111,Jake Brenk|Beau Halkidis
2025021116,Mitch Dunning|Corey Syvret
2025021135,Eric Furlatt|Carter Sandlak
2025021138,Eric Furlatt|Kendrick Nicholson
2025021147,Francois St-Laurent|Graedy Hamilton
2025021148,Wes McCauley|Justin Kea
2025021154,Furman South|Pierre Lambert
2025021157,Cody Beach|Gord Dwyer
2025021158,Francis Charron|Garrett Rank
2025021173,Kendrick Nicholson|Jordan Samuels-Thomas
2025021175,Francois St-Laurent|Alex Lepkowski
2025021181,Brian Pochmara|Gord Dwyer
2025021182,Peter MacDougall|Liam Maaskant
2025021187,Garrett Rank|Michael Markovic
2025021210,Francois St-Laurent|Thomas John Luxmore
2025021212,Chris Rooney|Stephen Hiff
2025021224,Furman South|Frederick L'Ecuyer
2025021244,Furman South|Mike Sullivan
2025021268,Eric Furlatt|Stephen Hiff
2025021277,Thomas John Luxmore|Carter Sandlak
2025021279,Frederick L'Ecuyer|Mitch Dunning
2025021288,Brandon Blandina|Morgan MacPhee
2025021290,Kyle Rehman|Brian Pochmara
2025021303,Garrett Rank|Jean Hebert
2024020001,Ghislain Hebert|Chris Lee
2024020007,Francois St-Laurent|Jake Brenk
2024020009,Trevor Hanson|Steve Kozari
2024020013,Jon McIsaac|Dan O'Rourke
2024020014,Chris Rooney|Pierre Lambert
2024020025,Pierre Lambert|Justin Kea
2024020072,Carter Sandlak|Kendrick Nicholson
2024020080,Chris Rooney|Carter Sandlak
2024020084,Mitch Dunning|Chris Lee
2024020089,Trevor Hanson|Michael Markovic
2024020091,Kendrick Nicholson|Brandon Blandina
2024020093,Jake Brenk|Eric Furlatt
2024020122,Thomas John Luxmore|Brandon Blandina
2024020123,Chris Rooney|Ghislain Hebert
2024020129,Trevor Hanson|Cody Beach
2024020142,Frederick L'Ecuyer|Justin Kea
2024020159,Trevor Hanson|Cody Beach
2024020162,Francis Charron|Justin Kea
2024020164,Jake Brenk|Mike Sullivan
2024020195,Brian Pochmara|Pierre Lambert
2024020203,Jean Hebert|Corey Syvret
2024020234,Carter Sandlak|Peter MacDougall
2024020236,Garrett Rank|Mitch Dunning
2024020250,Frederick L'Ecuyer|Graedy Hamilton
2024020252,Jon McIsaac|Kelly Sutherland
2024020255,Peter MacDougall|Brandon Blandina
2024020263,Brian Pochmara|Tom Chmielewski
2024020283,Pierre Lambert|Brandon Schrader
2024020292,Wes McCauley|Cody Beach
2024020298,Jake Brenk|Carter Sandlak
2024020299,Graham Skilliter|Justin Kea
2024020315,Ghislain Hebert|Justin Kea
2024020320,Tom Chmielewski|Brandon Schrader
2024020326,Corey Syvret|Chris Lee
2024020328,Chris Rooney|Kyle Rehman
2024020341,Jean Hebert|Peter MacDougall
2024020345,Dan O'Rourke|Eric Furlatt
2024020346,Trevor Hanson|Pierre Lambert
2024020356,Gord Dwyer|Morgan MacPhee
2024020374,Steve Kozari|Jordan Samuels-Thomas
2024020376,Francis Charron|Kelly Sutherland
2024020396,Jon McIsaac|Wes McCauley
2024020402,Kelly Sutherland|Thomas John Luxmore
2024020408,Gord Dwyer|Pierre Lambert
2024020411,Tom Chmielewski|Mitch Dunning
2024020416,Frederick L'Ecuyer|Justin Kea
2024020435,Dan O'Rourke|Kendrick Nicholson
2024020438,Tom Chmielewski|Corey Syvret
2024020447,Garrett Rank|Francois St-Laurent
2024020448,Jon McIsaac|Ghislain Hebert
2024020454,Graham Skilliter|Jordan Samuels-Thomas
2024020457,Brian Pochmara|Corey Syvret
2024020458,Kyle Rehman|Kendrick Nicholson
2024020473,Furman South|Thomas John Luxmore
2024020475,Pierre Lambert|Mike Sullivan
2024020481,Garrett Rank|Beau Halkidis
2024020482,Graham Skilliter|Chris Lee
2024020487,Chris Rooney|Riley Brace
2024020502,Ghislain Hebert|Kendrick Nicholson
2024020508,Trevor Hanson|Tom Chmielewski
2024020511,Chris Rooney|Carter Sandlak
2024020516,Wes McCauley|Beau Halkidis
2024020535,Pierre Lambert|Jake Brenk
2024020538,Frederick L'Ecuyer|Corey Syvret
2024020547,Francois St-Laurent|Riley Brace
2024020548,Mitch Dunning|Pierre Lambert
2024020554,Tom Chmielewski|Chris Lee
2024020557,Trevor Hanson|Corey Syvret
2024020558,Furman South|Kendrick Nicholson
2024020573,Dan O'Rourke|Beau Halkidis
2024020575,Kelly Sutherland|Mike Sullivan
2024020582,Chris Rooney|Kyle Rehman
2024020581,Francis Charron|Carter Sandlak
2024020587,Mitch Dunning|Ghislain Hebert
2024020602,Chris Lee|Kendrick Nicholson
2024020608,Chris Rooney|Cody Beach
2024020611,Mitch Dunning|Pierre Lambert
2024020616,Chris Rooney|Cody Beach
2024020635,Jean Hebert|Ghislain Hebert
2024020638,Frederick L'Ecuyer|Eric Furlatt
2024020647,Chris Lee|Cody Beach
2024020648,Furman South|Brian Pochmara
2024020654,Wes McCauley|Mike Sullivan
2024020657,Francis Charron|Frederick L'Ecuyer
2024020658,Garrett Rank|Justin Kea
2024020673,Wes McCauley|Stephen Hiff
2024020675,Jake Brenk|Brandon Schrader
2024020681,Kyle Rehman|Cody Beach
2024020682,Eric Furlatt|Brandon Blandina
2024020687,Francis Charron|Beau Halkidis
2024020710,Jean Hebert|Brandon Schrader
2024020712,Brian Pochmara|Mitch Dunning
2024020724,Kyle Rehman|Morgan MacPhee
2024020744,Francis Charron|Jake Brenk
2024020768,Trevor Hanson|Brandon Blandina
2024020777,Chris Schlenker|Brandon Blandina
2024020779,Peter MacDougall|Beau Halkidis
2024020788,Chris Lee|Jordan Samuels-Thomas
2024020790,Brian Pochmara|Beau Halkidis
2024020802,Wes McCauley|Gord Dwyer
2024020808,Thomas John Luxmore|Corey Syvret
2024020811,Francis Charron|Jean Hebert
2024020816,Kelly Sutherland|Brandon Blandina
2024020835,Kelly Sutherland|Justin Kea
2024020838,Dan O'Rourke|Ghislain Hebert
2024020847,Wes McCauley|Mitch Dunning
2024020848,Francois St-Laurent|Cody Beach
2024020854,Graham Skilliter|Graedy Hamilton
2024020857,Jake Brenk|Carter Sandlak
2024020858,Kyle Rehman|Jordan Samuels-Thomas
2024020873,Trevor Hanson|Thomas John Luxmore
2024020875,Tom Chmielewski|Jake Brenk
2024020881,Chris Rooney|Morgan MacPhee
2024020882,Trevor Hanson|Thomas John Luxmore
2024020887,Garrett Rank|Michael Markovic
2024020910,Francois St-Laurent|Kyle Rehman
2024020912,Eric Furlatt|Morgan MacPhee
2024020924,Frederick L'Ecuyer|Graham Skilliter
2024020944,Wes McCauley|Jake Brenk
2024020968,Dan O'Rourke|Jake Brenk
2024020977,Eric Furlatt|Justin Kea
2024020979,Chris Rooney|Carter Sandlak
2024020988,Kendrick Nicholson|Michael Markovic
2024020990,Brian Pochmara|Justin Kea
2024021002,Francois St-Laurent|Brandon Schrader
2024021008,Graham Skilliter|Brandon Blandina
2024021011,Chris Schlenker|Peter MacDougall
2024021016,Wes McCauley|Mitch Dunning
2024021035,Graham Skilliter|Graedy Hamilton
2024021038,Chris Rooney|Corey Syvret
2024021047,Gord Dwyer|Eric Furlatt
2024021048,Chris Rooney|Morgan MacPhee
2024021054,Trevor Hanson|Beau Halkidis
2024021057,Chris Rooney|Graham Skilliter
2024021058,Francis Charron|Furman South
2024021073,Garrett Rank|Kyle Rehman
2024021075,Chris Lee|Brandon Blandina
2024021081,Garrett Rank|Cody Beach
2024021082,Furman South|Thomas John Luxmore
2024021087,Kelly Sutherland|Kendrick Nicholson
2024021102,Francis Charron|Jordan Samuels-Thomas
2024021108,Jon McIsaac|Justin Kea
2024021111,Gord Dwyer|Graham Skilliter
2024021116,Dan O'Rourke|Brandon Schrader
2024021135,Garrett Rank|Kendrick Nicholson
2024021138,Francis Charron|Brandon Schrader
2024021148,Chris Lee|Jordan Samuels-Thomas
2024021147,Kelly Sutherland|Peter MacDougall
2024021154,Thomas John Luxmore|Peter MacDougall
2024021157,Jon McIsaac|Jordan Samuels-Thomas
2024021158,Trevor Hanson|Mike Sullivan
2024021173,Mitch Dunning|Jake Brenk
2024021175,Peter MacDougall|Morgan MacPhee
2024021181,Chris Lee|Michael Markovic
2024021182,Wes McCauley|Carter Sandlak
2024021187,Dan O'Rourke|Pierre Lambert
2024021202,Garrett Rank|Kelly Sutherland
2024021208,Francois St-Laurent|Brandon Blandina
2024021211,Gord Dwyer|Brandon Schrader
2024021216,Kendrick Nicholson|Justin Kea
2024021235,Garrett Rank|Graedy Hamilton
2024021238,Chris Rooney|Mitch Dunning
2024021247,Chris Schlenker|Graham Skilliter
2024021248,Francis Charron|Carter Sandlak
2024021254,Jon McIsaac|Garrett Rank
2024021257,Peter MacDougall|Jordan Samuels-Thomas
2024021258,Kelly Sutherland|Mike Sullivan
2024021273,Francis Charron|Jean Hebert
2024021275,Graham Skilliter|Jake Brenk
2024021281,Francois St-Laurent|Dan O'Rourke
2024021282,Chris Schlenker|Thomas John Luxmore
2024021287,Garrett Rank|Kelly Sutherland
2024021302,Frederick L'Ecuyer|Morgan MacPhee
2024021308,Furman South|Carter Sandlak
2024021311,Brandon Schrader|Justin Kea
2023020015,Jon McIsaac|Thomas John Luxmore
2023020020,Corey Syvret|Eric Furlatt
2023020026,Dan O'Rourke|Furman South
2023020028,Frederick L'Ecuyer|Thomas John Luxmore
2023020041,Dan O'Rourke|Michael Markovic
2023020045,Kevin Pollock|Pierre Lambert
2023020046,Trevor Hanson|Steve Kozari
2023020056,Kendrick Nicholson|Kevin Pollock
2023020074,Gord Dwyer|Mitch Dunning
2023020076,Tom Chmielewski|Jordan Samuels-Thomas
2023020096,Chris Schlenker|Michael Markovic
2023020102,Gord Dwyer|Peter MacDougall
2023020108,Tom Chmielewski|Brandon Schrader
2023020111,Dan O'Rourke|Trevor Hanson
2023020116,Jon McIsaac|Michael Markovic
2023020135,Brian Pochmara|Cody Beach
2023020138,Jon McIsaac|Mitch Dunning
2023020147,Kendrick Nicholson|Jordan Samuels-Thomas
2023020148,Thomas John Luxmore|Steve Kozari
2023020154,Graham Skilliter|Morgan MacPhee
2023020157,Garrett Rank|Pierre Lambert
2023020158,Dan O'Rourke|Furman South
2023020173,Jean Hebert|Brandon Schrader
2023020175,Corey Syvret|Peter MacDougall
2023020181,Chris Rooney|Gord Dwyer
2023020182,Jake Brenk|Eric Furlatt
2023020187,Trevor Hanson|Brandon Schrader
2023020215,Dan O'Rourke|Beau Halkidis
2023020220,Frederick L'Ecuyer|Brandon Schrader
2023020226,Thomas John Luxmore|Ghislain Hebert
2023020228,Ghislain Hebert|Michael Markovic
2023020241,Trevor Hanson|Tom Chmielewski
2023020245,Jean Hebert|Gord Dwyer
2023020246,Corey Syvret|Chris Lee
2023020256,Corey Syvret|Chris Lee
2023020274,Ghislain Hebert|Kevin Pollock
2023020276,Tom Chmielewski|Justin Kea
2023020296,Jake Brenk|Kendrick Nicholson
2023020300,Carter Sandlak|Pierre Lambert
2023020301,Dan O'Rourke|Peter MacDougall
2023020307,Chris Schlenker|Garrett Rank
2023020309,Francois St-Laurent|Corey Syvret
2023020313,Gord Dwyer|Brandon Blandina
2023020314,Trevor Hanson|Carter Sandlak
2023020325,Francois St-Laurent|Tom Chmielewski
2023020372,Garrett Rank|Corey Syvret
2023020380,Kendrick Nicholson|Peter MacDougall
2023020384,Jon McIsaac|Furman South
2023020389,Tom Chmielewski|Gord Dwyer
2023020391,Mitch Dunning|Thomas John Luxmore
2023020393,Brian Pochmara|Brandon Schrader
2023020403,Wes McCauley|Graham Skilliter
2023020434,Jon McIsaac|Francois St-Laurent
2023020436,Gord Dwyer|Peter MacDougall
2023020450,Francis Charron|Carter Sandlak
2023020452,Kyle Rehman|Graham Skilliter
2023020455,Francois St-Laurent|Steve Kozari
2023020463,Chris Rooney|Morgan MacPhee
2023020483,Kyle Rehman|Ghislain Hebert
2023020492,Chris Schlenker|Kendrick Nicholson
2023020498,Jon McIsaac|Carter Sandlak
2023020499,Kevin Pollock|Justin Kea
2023020515,Francis Charron|Morgan MacPhee
2023020520,Eric Furlatt|Michael Markovic
2023020526,Trevor Hanson|Brandon Schrader
2023020528,Brian Pochmara|Corey Syvret
2023020541,Dan O'Rourke|Trevor Hanson
2023020545,Jake Brenk|Brandon Schrader
2023020546,Francois St-Laurent|Corey Syvret
2023020556,Wes McCauley|Francis Charron
2023020574,Kyle Rehman|Peter MacDougall
2023020576,Mitch Dunning|Kendrick Nicholson
2023020596,Dan O'Rourke|Ghislain Hebert
2023020604,Jon McIsaac|Thomas John Luxmore
2023020606,Dan O'Rourke|Carter Sandlak
2023020617,Jon McIsaac|Justin Kea
2023020618,Ghislain Hebert|Kevin Pollock
2023020619,Dan O'Rourke|Carter Sandlak
2023020627,Kevin Pollock|Jordan Samuels-Thomas
2023020643,Chris Schlenker|Frederick L'Ecuyer
2023020665,Chris Lee|Brandon Blandina
2023020666,Trevor Hanson|Tom Chmielewski
2023020670,Francis Charron|Kelly Sutherland
2023020685,Graham Skilliter|Justin Kea
2023020686,Michael Markovic|Peter MacDougall
2023020697,Thomas John Luxmore|Graham Skilliter
2023020705,Kelly Sutherland|Mitch Dunning
2023020721,Brian Pochmara|Frederick L'Ecuyer
2023020730,Garrett Rank|Ghislain Hebert
2023020731,Francois St-Laurent|Jake Brenk
2023020732,Kelly Sutherland|Eric Furlatt
2023020733,Furman South|Brian Pochmara
2023020737,Trevor Hanson|Chris Lee
2023020739,Wes McCauley|Carter Sandlak
2023020740,Jon McIsaac|Brandon Schrader
2023020749,Jake Brenk|Brandon Schrader
2023020751,Jean Hebert|Jordan Samuels-Thomas
2023020753,Corey Syvret|Steve Kozari
2023020760,Dan O'Rourke|Thomas John Luxmore
2023020761,Chris Schlenker|Graham Skilliter
2023020767,Wes McCauley|Kendrick Nicholson
2023020769,Eric Furlatt|Beau Halkidis
2023020771,Brandon Schrader|Steve Kozari
2023020778,Mitch Dunning|Graham Skilliter
2023020794,Ghislain Hebert|Kendrick Nicholson
2023020805,Carter Sandlak|Brandon Blandina
2023020821,Pierre Lambert|Peter MacDougall
2023020830,Chris Rooney|Chris Lee
2023020831,Wes McCauley|Corey Syvret
2023020832,Mitch Dunning|Steve Kozari
2023020833,Chris Schlenker|Eric Furlatt
2023020837,Francois St-Laurent|Mitch Dunning
2023020839,Garrett Rank|Peter MacDougall
2023020840,Tom Chmielewski|Jake Brenk
2023020849,Chris Schlenker|Brandon Blandina
2023020853,Dan O'Rourke|Mitch Dunning
2023020851,Furman South|Michael Markovic
2023020860,Brian Pochmara|Eric Furlatt
2023020861,Brandon Schrader|Steve Kozari
2023020867,Francis Charron|Carter Sandlak
2023020869,Jon McIsaac|Pierre Lambert
2023020871,Kyle Rehman|Furman South
2023020878,Jean Hebert|Carter Sandlak
2023020894,Brian Pochmara|Peter MacDougall
2023020910,Eric Furlatt|Pierre Lambert
2023020912,Dan O'Rourke|Kendrick Nicholson
2023020924,Brian Pochmara|Brandon Schrader
2023020944,Tom Chmielewski|Michael Markovic
2023020968,Francis Charron|Steve Kozari
2023020977,Brian Pochmara|Pierre Lambert
2023020979,Graham Skilliter|Carter Sandlak
2023020988,Chris Rooney|Dan O'Rourke
2023020990,Jon McIsaac|Michael Markovic
2023021002,Chris Lee|Steve Kozari
2023021008,Furman South|Thomas John Luxmore
2023021011,Jake Brenk|Beau Halkidis
2023021016,Wes McCauley|Brandon Schrader
2023021035,Francois St-Laurent|Peter MacDougall
2023021038,Gord Dwyer|Justin Kea
2023021047,Furman South|Corey Syvret
2023021048,Kendrick Nicholson|Peter MacDougall
2023021054,Jake Brenk|Brandon Schrader
2023021057,Chris Schlenker|Pierre Lambert
2023021058,Francis Charron|Peter MacDougall
2023021073,Kelly Sutherland|Brandon Blandina
2023021075,Chris Rooney|Morgan MacPhee
2023021081,Francois St-Laurent|Carter Sandlak
2023021082,Frederick L'Ecuyer|Cody Beach
2023021087,Jon McIsaac|Graham Skilliter
2023021103,Kelly Sutherland|Michael Markovic
2023021134,Jake Brenk|Pierre Lambert
2023021136,Thomas John Luxmore|Kendrick Nicholson
2023021152,Gord Dwyer|Beau Halkidis
2023021155,Wes McCauley|Pierre Lambert
2023021150,Mitch Dunning|Eric Furlatt
2023021163,Dan O'Rourke|Graham Skilliter
2023021183,Gord Dwyer|Thomas John Luxmore
2023021192,Wes McCauley|Thomas John Luxmore
2023021198,Jean Hebert|Gord Dwyer
2023021199,Francois St-Laurent|Steve Kozari
2023021205,Chris Lee|Cody Beach
2023021221,Kyle Rehman|Brandon Schrader
2023021230,Francois St-Laurent|Beau Halkidis
2023021231,Pierre Lambert|Graedy Hamilton
2023021232,Jon McIsaac|Chris Rooney
2023021233,Kelly Sutherland|Corey Syvret
2023021237,Garrett Rank|Chris Lee
2023021239,Ghislain Hebert|Brandon Blandina
2023021240,Wes McCauley|Dan O'Rourke
2023021249,Mitch Dunning|Eric Furlatt
2023021251,Pierre Lambert|Jordan Samuels-Thomas
2023021253,Frederick L'Ecuyer|Tom Chmielewski
2023021260,Francois St-Laurent|Michael Markovic
2023021261,Wes McCauley|Brandon Blandina
2023021267,Garrett Rank|Jordan Samuels-Thomas
2023021269,Trevor Hanson|Kendrick Nicholson
2023021271,Dan O'Rourke|Brandon Schrader
2023021278,Carter Sandlak|Brandon Blandina
2023021294,Graham Skilliter|Chris Lee
2023021304,Kyle Rehman|Jean Hebert
2023021306,Carter Sandlak|Brandon Schrader
2025020015,Carter Sandlak|Peter MacDougall
2025020020,Garrett Rank|Frederick L'Ecuyer
2025020026,Wes McCauley|Brandon Blandina
2025020028,Chris Lee|Justin Kea
2025020041,Brian Pochmara|Stephen Hiff
2025020045,Furman South|Justin Kea
2025020046,Kyle Rehman|Pierre Lambert
2025020056,Trevor Hanson|Gord Dwyer
2025020074,Kelly Sutherland|Furman South
2025020076,Frederick L'Ecuyer|Beau Halkidis
2025020096,Chris Schlenker|Kendrick Nicholson
2025020122,Chris Schlenker|Garrett Rank
2025020123,Jon McIsaac|Kyle Rehman
2025020129,Frederick L'Ecuyer|Chris Lee
2025020142,Francis Charron|Tom Chmielewski
2025020159,Francis Charron|Cody Beach
2025020162,Garrett Rank|Graham Skilliter
2025020164,Wes McCauley|Brandon Schrader
2025020195,Jean Hebert|Mitch Dunning
2025020222,Wes McCauley|Peter MacDougall
2025020223,Gord Dwyer|Brandon Schrader
2025020229,Frederick L'Ecuyer|Michael Markovic
2025020242,Kelly Sutherland|Chris Lee
2025020259,Graham Skilliter|Brandon Schrader
2025020262,Chris Schlenker|Jean Hebert
2025020264,Kelly Sutherland|Corey Syvret
2025020295,Jean Hebert|Mitch Dunning
2025020302,Corey Syvret|Kendrick Nicholson
2025020308,Jake Brenk|Kendrick Nicholson
2025020311,Chris Schlenker|Cody Beach
2025020316,Wes McCauley|Carter Sandlak
2025020335,Jon McIsaac|Kyle Rehman
2025020338,Wes McCauley|Frederick L'Ecuyer
2025020347,Garrett Rank|Furman South
2025020348,Graham Skilliter|Beau Halkidis
2025020354,Tom Chmielewski|Chris Lee
2025020357,Kyle Rehman|Pierre Lambert
2025020358,Gord Dwyer|Morgan MacPhee
2025020373,Graham Skilliter|Brandon Schrader
2025020375,Corey Syvret|Michael Markovic
2025020381,Francis Charron|Eric Furlatt
2025020382,Cody Beach|Carter Sandlak
2025020387,Francois St-Laurent|Frederick L'Ecuyer
2025020405,Wes McCauley|Kendrick Nicholson
2025020421,Kelly Sutherland|Furman South
2025020430,Francois St-Laurent|Jordan Samuels-Thomas
2025020431,Trevor Hanson|Gord Dwyer
2025020432,Thomas John Luxmore|Michael Markovic
2025020433,Frederick L'Ecuyer|Eric Furlatt
2025020437,Tom Chmielewski|Pierre Lambert
2025020439,Kyle Rehman|Frederick L'Ecuyer
2025020440,Mitch Dunning|Peter MacDougall
2025020449,Mitch Dunning|Peter MacDougall
2025020451,Frederick L'Ecuyer|Carter Sandlak
2025020453,Jon McIsaac|Alex Lepkowski
2025020460,Peter MacDougall|Beau Halkidis
2025020461,Francois St-Laurent|Graham Skilliter
2025020467,Francois St-Laurent|Kelly Sutherland
2025020469,Kendrick Nicholson|Jordan Samuels-Thomas
2025020471,Chris Lee|Brandon Schrader
2025020478,Chris Schlenker|Pierre Lambert
2025020494,Chris Schlenker|Wes McCauley
2025020522,Trevor Hanson|Jordan Samuels-Thomas
2025020523,Francois St-Laurent|Beau Halkidis
2025020529,Jon McIsaac|Garrett Rank
2025020542,Chris Schlenker|Corey Syvret
2025020559,Corey Syvret|Kendrick Nicholson
2025020562,Kyle Rehman|Chris Lee
2025020564,Frederick L'Ecuyer|Jordan Samuels-Thomas
2025020595,Garrett Rank|Jake Brenk
2025020615,Chris Schlenker|Chris Lee
2025020620,Wes McCauley|Brian Pochmara
2025020626,Wes McCauley|Carter Sandlak
2025020628,Graham Skilliter|Beau Halkidis
2025020641,Garrett Rank|Thomas John Luxmore
2025020645,Chris Rooney|Alex Lepkowski
2025020646,Francois St-Laurent|Cody Beach
2025020656,Graham Skilliter|Justin Kea
2025020674,Kelly Sutherland|Graham Skilliter
2025020676,Eric Furlatt|Carter Sandlak
2025020696,Corey Syvret|Kendrick Nicholson
2025020722,Chris Lee|Brandon Schrader
2025020723,Kyle Rehman|Thomas John Luxmore
2025020729,Jon McIsaac|Kelly Sutherland
2025020742,Eric Furlatt|Carter Sandlak
2025020759,Chris Rooney|Carter Sandlak
2025020762,Jake Brenk|Chris Lee
2025020764,Tom Chmielewski|Graham Skilliter
2025020795,Jon McIsaac|Kelly Sutherland
2025020800,Chris Schlenker|Frederick L'Ecuyer
2025020801,Francois St-Laurent|Chris Lee
2025020807,Tom Chmielewski|Carter Sandlak
2025020809,Thomas John Luxmore|Graedy Hamilton
2025020813,Jon McIsaac|Chris Schlenker
2025020814,Wes McCauley|Cody Beach
2025020825,Thomas John Luxmore|Chris Lee
2025020872,Corey Syvret|Graham Skilliter
2025020880,Thomas John Luxmore|Brandon Blandina
2025020884,Corey Syvret|Peter MacDougall
2025020889,Jon McIsaac|Eric Furlatt
2025020891,Jean Hebert|Carter Sandlak
2025020893,Garrett Rank|Thomas John Luxmore
2025020915,Chris Schlenker|Mitch Dunning
2025020920,Cody Beach|Jake Brenk
2025020926,Frederick L'Ecuyer|Beau Halkidis
2025020928,Corey Syvret|Peter MacDougall
2025020941,Furman South|Jean Hebert
2025020945,Frederick L'Ecuyer|Mike Sullivan
2025020946,Trevor Hanson|Peter MacDougall
2025020956,Trevor Hanson|Graedy Hamilton
2025020974,Jake Brenk|Graedy Hamilton
2025020976,Chris Rooney|Brian Pochmara
2025020996,Francis Charron|Cody Beach
2025021022,Wes McCauley|Morgan MacPhee
2025021023,Kelly Sutherland|Brandon Schrader
2025021029,Tom Chmielewski|Mitch Dunning
2025021042,Thomas John Luxmore|Graedy Hamilton
2025021059,Francis Charron|Frederick L'Ecuyer
2025021062,Kyle Rehman|Carter Sandlak
2025021064,Garrett Rank|Mitch Dunning
2025021095,Francis Charron|Justin Kea
2025021103,Brian Pochmara|Brandon Schrader
2025021134,Furman South|Brandon Schrader
2025021136,Jake Brenk|Kendrick Nicholson
2025021150,Kelly Sutherland|Peter MacDougall
2025021152,Tom Chmielewski|Carter Sandlak
2025021155,Jake Brenk|Beau Halkidis
2025021163,Chris Rooney|Mitch Dunning
2025021183,Francis Charron|Cody Beach
2025021192,Francis Charron|Brian Pochmara
2025021198,Wes McCauley|Mike Sullivan
2025021199,Mitch Dunning|Corey Syvret
2025021200,Garrett Rank|Michael Markovic
2025021201,Tom Chmielewski|Pierre Lambert
2025021207,Chris Schlenker|Frederick L'Ecuyer
2025021209,Wes McCauley|Gord Dwyer
2025021213,Cody Beach|Brian Pochmara
2025021214,Francis Charron|Brandon Blandina
2025021225,Chris Schlenker|Jean Hebert
2025021272,Chris Schlenker|Trevor Hanson
2025021280,Kelly Sutherland|Brian Pochmara
2025021284,Chris Rooney|Jake Brenk
2025021289,Graham Skilliter|Brandon Schrader
2025021291,Francis Charron|Tom Chmielewski
2025021293,Frederick L'Ecuyer|Pierre Lambert
2025021302,Kendrick Nicholson|Liam Maaskant
2025021308,Kelly Sutherland|Cody Beach
2025021311,Francis Charron|Stephen Hiff
2024020010,Jean Hebert|Graham Skilliter
2024020012,Garrett Rank|Jake Brenk
2024020024,Jon McIsaac|Beau Halkidis
2024020044,Wes McCauley|Justin Kea
2024020068,Dan O'Rourke|Furman South
2024020077,Wes McCauley|Gord Dwyer
2024020079,Garrett Rank|Cody Beach
2024020088,Pierre Lambert|Peter MacDougall
2024020090,Jon McIsaac|Ghislain Hebert
2024020115,Dan O'Rourke|Michael Markovic
2024020120,Furman South|Jean Hebert
2024020126,Garrett Rank|Pierre Lambert
2024020128,Francis Charron|Justin Kea
2024020141,Jean Hebert|Peter MacDougall
2024020145,Tom Chmielewski|Mitch Dunning
2024020146,Wes McCauley|Corey Syvret
2024020156,Kyle Rehman|Michael Markovic
2024020174,Garrett Rank|Graham Skilliter
2024020176,Trevor Hanson|Brandon Schrader
2024020196,Mitch Dunning|Eric Furlatt
2024020202,Francis Charron|Graedy Hamilton
2024020208,Garrett Rank|Brandon Blandina
2024020211,Jake Brenk|Beau Halkidis
2024020216,Kyle Rehman|Corey Syvret
2024020235,Frederick L'Ecuyer|Graham Skilliter
2024020238,Trevor Hanson|Mike Sullivan
2024020247,Garrett Rank|Dan O'Rourke
2024020248,Tom Chmielewski|Carter Sandlak
2024020254,Graham Skilliter|Brandon Schrader
2024020258,Chris Rooney|Riley Brace
2024020257,Jon McIsaac|Francis Charron
2024020273,Furman South|Gord Dwyer
2024020275,Jon McIsaac|Riley Brace
2024020281,Trevor Hanson|Brian Pochmara
2024020282,Wes McCauley|Cody Beach
2024020287,Furman South|Graham Skilliter
2024020322,Frederick L'Ecuyer|Eric Furlatt
2024020323,Jean Hebert|Carter Sandlak
2024020329,Kelly Sutherland|Stephen Hiff
2024020342,Chris Rooney|Brandon Blandina
2024020359,Kyle Rehman|Stephen Hiff
2024020362,Francis Charron|Eric Furlatt
2024020364,Kendrick Nicholson|Peter MacDougall
2024020395,Furman South|Pierre Lambert
2024020403,Graham Skilliter|Kendrick Nicholson
2024020434,Jean Hebert|Pierre Lambert
2024020436,Jon McIsaac|Ghislain Hebert
2024020450,Brian Pochmara|Brandon Blandina
2024020452,Trevor Hanson|Michael Markovic
2024020455,Cody Beach|Peter MacDougall
2024020463,Garrett Rank|Corey Syvret
2024020483,Frederick L'Ecuyer|Brandon Schrader
2024020492,Frederick L'Ecuyer|Brandon Schrader
2024020498,Jean Hebert|Brandon Schrader
2024020499,Thomas John Luxmore|Michael Markovic
2024020503,Tom Chmielewski|Eric Furlatt
2024020534,Jean Hebert|Peter MacDougall
2024020536,Francis Charron|Mike Sullivan
2024020550,Gord Dwyer|Beau Halkidis
2024020552,Jean Hebert|Kendrick Nicholson
2024020555,Chris Schlenker|Steve Kozari
2024020563,Gord Dwyer|Corey Syvret
2024020583,Frederick L'Ecuyer|Gord Dwyer
2024020592,Trevor Hanson|Jean Hebert
2024020598,Tom Chmielewski|Brandon Schrader
2024020599,Thomas John Luxmore|Justin Kea
2024020603,Kyle Rehman|Brandon Blandina
2024020634,Francois St-Laurent|Jake Brenk
2024020636,Dan O'Rourke|Trevor Hanson
2024020650,Jean Hebert|Corey Syvret
2024020652,Carter Sandlak|Kendrick Nicholson
2024020655,Kelly Sutherland|Trevor Hanson
2024020663,Chris Schlenker|Graham Skilliter
2024020683,Chris Schlenker|Furman South
2024020692,Jon McIsaac|Jake Brenk
2024020698,Tom Chmielewski|Eric Furlatt
2024020699,Trevor Hanson|Kendrick Nicholson
2024020700,Garrett Rank|Gord Dwyer
2024020701,Wes McCauley|Francis Charron
2024020707,Pierre Lambert|Michael Markovic
2024020709,Francois St-Laurent|Frederick L'Ecuyer
2024020713,Dan O'Rourke|Furman South
2024020714,Garrett Rank|Brandon Blandina
2024020725,Frederick L'Ecuyer|Thomas John Luxmore
2024020772,Gord Dwyer|Riley Brace
2024020780,Brian Pochmara|Pierre Lambert
2024020784,Wes McCauley|Kendrick Nicholson
2024020789,Dan O'Rourke|Jake Brenk
2024020791,Francois St-Laurent|Jean Hebert
2024020793,Francis Charron|Cody Beach
2024020803,Chris Rooney|Carter Sandlak
2024020834,Kendrick Nicholson|Cody Beach
2024020836,Corey Syvret|Graham Skilliter
2024020850,Jean Hebert|Eric Furlatt
2024020852,Trevor Hanson|Michael Markovic
2024020855,Kendrick Nicholson|Peter MacDougall
2024020863,Chris Rooney|Francois St-Laurent
2024020883,Wes McCauley|Justin Kea
2024020892,Francis Charron|Brian Pochmara
2024020898,Chris Schlenker|Francois St-Laurent
2024020899,Frederick L'Ecuyer|Cody Beach
2024020900,Tom Chmielewski|Michael Markovic
2024020901,Kendrick Nicholson|Peter MacDougall
2024020907,Dan O'Rourke|Graham Skilliter
2024020909,Mitch Dunning|Thomas John Luxmore
2024020913,Frederick L'Ecuyer|Cody Beach
2024020914,Trevor Hanson|Carter Sandlak
2024020925,Kelly Sutherland|Peter MacDougall
2024020972,Francois St-Laurent|Stephen Hiff
2024020980,Wes McCauley|Trevor Hanson
2024020984,Chris Rooney|Carter Sandlak
2024020989,Garrett Rank|Dan O'Rourke
2024020991,Jon McIsaac|Mitch Dunning
2024020993,Furman South|Jake Brenk
2024021003,Jean Hebert|Ghislain Hebert
2024021034,Kyle Rehman|Eric Furlatt
2024021036,Frederick L'Ecuyer|Brandon Schrader
2024021050,Furman South|Jean Hebert
2024021052,Chris Schlenker|Justin Kea
2024021055,Jon McIsaac|Brian Pochmara
2024021063,Chris Lee|Carter Sandlak
2024021083,Eric Furlatt|Justin Kea
2024021092,Frederick L'Ecuyer|Cody Beach
2024021098,Jake Brenk|Brandon Blandina
2024021099,Dan O'Rourke|Brandon Schrader
2024021103,Chris Rooney|Carter Sandlak
2024021134,Chris Rooney|Brian Pochmara
2024021136,Corey Syvret|Graham Skilliter
2024021150,Garrett Rank|Francois St-Laurent
2024021152,Kyle Rehman|Cody Beach
2024021155,Dan O'Rourke|Jake Brenk
2024021163,Frederick L'Ecuyer|Carter Sandlak
2024021183,Chris Rooney|Ghislain Hebert
2024021192,Jon McIsaac|Gord Dwyer
2024021198,Chris Rooney|Francis Charron
2024021199,Jean Hebert|Carter Sandlak
2024021203,Kyle Rehman|Peter MacDougall
2024021234,Kelly Sutherland|Trevor Hanson
2024021236,Jon McIsaac|Frederick L'Ecuyer
2024021250,Furman South|Stephen Hiff
2024021252,Mitch Dunning|Eric Furlatt
2024021255,Brian Pochmara|Beau Halkidis
2024021263,Carter Sandlak|Cody Beach
2024021283,Wes McCauley|Carter Sandlak
2024021292,Cody Beach|Peter MacDougall
2024021298,Thomas John Luxmore|Chris Lee
2024021299,Frederick L'Ecuyer|Pierre Lambert
2024021303,Francois St-Laurent|Dan O'Rourke
2023020022,Jean Hebert|Mitch Dunning
2023020023,Kelly Sutherland|Justin Kea
2023020029,Graham Skilliter|Chris Lee
2023020042,Kyle Rehman|Brandon Blandina
2023020059,Graham Skilliter|Cody Beach
2023020062,Chris Schlenker|Steve Kozari
2023020064,Chris Rooney|Brandon Schrader
2023020095,Wes McCauley|Brandon Schrader
2023020103,Kevin Pollock|Cody Beach
2023020134,Pierre Lambert|Steve Kozari
2023020136,Gord Dwyer|Carter Sandlak
2023020150,Jon McIsaac|Chris Schlenker
2023020152,Trevor Hanson|Brian Pochmara
2023020155,Kyle Rehman|Brandon Blandina
2023020163,Jon McIsaac|Chris Schlenker
2023020183,Mitch Dunning|Chris Lee
2023020192,Frederick L'Ecuyer|Graham Skilliter
2023020198,Kyle Rehman|Mitch Dunning
2023020199,Pierre Lambert|Cody Beach
2023020222,Garrett Rank|Jean Hebert
2023020223,Chris Schlenker|Francois St-Laurent
2023020229,Brian Pochmara|Corey Syvret
2023020242,Jon McIsaac|Kyle Rehman
2023020259,Wes McCauley|Thomas John Luxmore
2023020262,Dan O'Rourke|Frederick L'Ecuyer
2023020264,Eric Furlatt|Jordan Samuels-Thomas
2023020295,Graham Skilliter|Justin Kea
2023020310,Mitch Dunning|Eric Furlatt
2023020312,Dan O'Rourke|Kendrick Nicholson
2023020324,Trevor Hanson|Carter Sandlak
2023020344,Jon McIsaac|Francis Charron
2023020368,Tom Chmielewski|Carter Sandlak
2023020377,Graham Skilliter|Michael Markovic
2023020379,Brian Pochmara|Carter Sandlak
2023020388,Jean Hebert|Pierre Lambert
2023020390,Jon McIsaac|Chris Lee
2023020402,Francis Charron|Beau Halkidis
2023020408,Furman South|Ghislain Hebert
2023020411,Trevor Hanson|Brandon Schrader
2023020416,Peter MacDougall|Steve Kozari
2023020435,Chris Rooney|Michael Markovic
2023020438,Francis Charron|Jordan Samuels-Thomas
2023020448,Chris Lee|Beau Halkidis
2023020447,Frederick L'Ecuyer|Morgan MacPhee
2023020454,Chris Schlenker|Brandon Blandina
2023020457,Jean Hebert|Beau Halkidis
2023020458,Wes McCauley|Brandon Schrader
2023020473,Furman South|Brian Pochmara
2023020475,Francis Charron|Steve Kozari
2023020481,Garrett Rank|Brandon Blandina
2023020482,Thomas John Luxmore|Carter Sandlak
2023020487,Jake Brenk|Michael Markovic
2023020522,Jake Brenk|Carter Sandlak
2023020523,Kyle Rehman|Jordan Samuels-Thomas
2023020529,Furman South|Frederick L'Ecuyer
2023020542,Jon McIsaac|Peter MacDougall
2023020559,Garrett Rank|Francois St-Laurent
2023020562,Eric Furlatt|Beau Halkidis
2023020564,Kyle Rehman|Ghislain Hebert
2023020595,Jean Hebert|Frederick L'Ecuyer
2023020605,Francis Charron|Ghislain Hebert
2023020621,Kyle Rehman|Brandon Schrader
2023020630,Steve Kozari|Justin Kea
2023020631,Wes McCauley|Beau Halkidis
2023020632,Furman South|Brian Pochmara
2023020633,Francois St-Laurent|Kendrick Nicholson
2023020637,Chris Rooney|Kendrick Nicholson
2023020639,Garrett Rank|Cody Beach
2023020640,Jean Hebert|Justin Kea
2023020649,Chris Rooney|Francois St-Laurent
2023020651,Dan O'Rourke|Michael Markovic
2023020653,Garrett Rank|Jake Brenk
2023020660,Francis Charron|Corey Syvret
2023020661,Thomas John Luxmore|Pierre Lambert
2023020667,Kyle Rehman|Michael Markovic
2023020669,Brian Pochmara|Jake Brenk
2023020671,Corey Syvret|Kevin Pollock
2023020678,Jon McIsaac|Wes McCauley
2023020694,Francis Charron|Carter Sandlak
2023020704,Jake Brenk|Eric Furlatt
2023020706,Kevin Pollock|Morgan MacPhee
2023020717,Kyle Rehman|Corey Syvret
2023020718,Francois St-Laurent|Kendrick Nicholson
2023020719,Jon McIsaac|Kelly Sutherland
2023020727,Michael Markovic|Peter MacDougall
2023020743,Trevor Hanson|Brandon Blandina
2023020765,Mitch Dunning|Peter MacDougall
2023020766,Chris Rooney|Furman South
2023020770,Garrett Rank|Chris Lee
2023020785,Ghislain Hebert|Michael Markovic
2023020786,Jon McIsaac|Thomas John Luxmore
2023020797,Wes McCauley|Trevor Hanson
2023020804,Kelly Sutherland|Jake Brenk
2023020806,Kyle Rehman|Pierre Lambert
2023020817,Garrett Rank|Kyle Rehman
2023020818,Tom Chmielewski|Kendrick Nicholson
2023020819,Kelly Sutherland|Steve Kozari
2023020827,Ghislain Hebert|Michael Markovic
2023020843,Kyle Rehman|Kendrick Nicholson
2023020865,Jean Hebert|Michael Markovic
2023020866,Kevin Pollock|Brandon Blandina
2023020870,Brian Pochmara|Steve Kozari
2023020885,Jean Hebert|Thomas John Luxmore
2023020886,Wes McCauley|Kendrick Nicholson
2023020897,Kendrick Nicholson|Beau Halkidis
2023020900,Chris Schlenker|Francis Charron
2023020901,Garrett Rank|Carter Sandlak
2023020909,Kelly Sutherland|Chris Lee
2023020907,Mitch Dunning|Peter MacDougall
2023020913,Jake Brenk|Brandon Blandina
2023020914,Furman South|Tom Chmielewski
2023020925,Graham Skilliter|Kendrick Nicholson
2023020972,Garrett Rank|Kelly Sutherland
2023020980,Chris Schlenker|Steve Kozari
2023020984,Wes McCauley|Peter MacDougall
2023020989,Jean Hebert|Thomas John Luxmore
2023020991,Dan O'Rourke|Steve Kozari
2023020993,Francis Charron|Jake Brenk
2023021003,Chris Schlenker|Kyle Rehman
2023021034,Chris Lee|Kendrick Nicholson
2023021036,Francis Charron|Corey Syvret
2023021052,Frederick L'Ecuyer|Eric Furlatt
2023021050,Chris Rooney|Carter Sandlak
2023021055,Wes McCauley|Mitch Dunning
2023021063,Frederick L'Ecuyer|Eric Furlatt
2023021083,Garrett Rank|Michael Markovic
2023021092,Gord Dwyer|Ghislain Hebert
2023021098,Graham Skilliter|Steve Kozari
2023021099,Mitch Dunning|Thomas John Luxmore
2023021102,Chris Rooney|Francis Charron
2023021108,Chris Schlenker|Ghislain Hebert
2023021111,Francois St-Laurent|Furman South
2023021116,Dan O'Rourke|Thomas John Luxmore
2023021135,Tom Chmielewski|Chris Lee
2023021138,Furman South|Peter MacDougall
2023021147,Corey Syvret|Chris Lee
2023021148,Brandon Schrader|Pierre Lambert
2023021154,Michael Markovic|Peter MacDougall
2023021157,Ghislain Hebert|Carter Sandlak
2023021158,Jon McIsaac|Brandon Blandina
2023021173,Chris Schlenker|Francois St-Laurent
2023021175,Trevor Hanson|Beau Halkidis
2023021181,Chris Schlenker|Brandon Schrader
2023021182,Wes McCauley|Chris Rooney
2023021187,Dan O'Rourke|Trevor Hanson
2023021204,Ghislain Hebert|Peter MacDougall
2023021206,Kelly Sutherland|Jean Hebert
2023021217,Tom Chmielewski|Steve Kozari
2023021218,Dan O'Rourke|Kelly Sutherland
2023021219,Chris Schlenker|Wes McCauley
2023021227,Mitch Dunning|Eric Furlatt
2023021243,Chris Rooney|Furman South
2023021265,Kelly Sutherland|Thomas John Luxmore
2023021266,Graham Skilliter|Justin Kea
2023021270,Jean Hebert|Eric Furlatt
2023021285,Frederick L'Ecuyer|Mitch Dunning
2023021286,Kendrick Nicholson|Mike Sullivan
2023021297,Dan O'Rourke|Kyle Rehman
2023021305,Frederick L'Ecuyer|Tom Chmielewski
2025020005,Gord Dwyer|Mitch Dunning
2025020021,Thomas John Luxmore|Pierre Lambert
2025020030,Kelly Sutherland|Beau Halkidis
2025020031,Chris Schlenker|Mitch Dunning
2025020032,Eric Furlatt|Mike Sullivan
2025020033,Trevor Hanson|Morgan MacPhee
2025020037,Francis Charron|Thomas John Luxmore
2025020039,Brandon Schrader|Peter MacDougall
2025020040,Jake Brenk|Beau Halkidis
2025020049,Mitch Dunning|Peter MacDougall
2025020051,Chris Lee|Brandon Schrader
2025020053,Graham Skilliter|Pierre Lambert
2025020060,Gord Dwyer|Jordan Samuels-Thomas
2025020061,Garrett Rank|Justin Kea
2025020067,Chris Lee|Carter Sandlak
2025020069,Chris Schlenker|Trevor Hanson
2025020071,Tom Chmielewski|Jordan Samuels-Thomas
2025020078,Dan O'Rourke|Jean Hebert
2025020094,Furman South|Jean Hebert
2025020104,Eric Furlatt|Stephen Hiff
2025020106,Frederick L'Ecuyer|Corey Syvret
2025020117,Gord Dwyer|Mitch Dunning
2025020118,Corey Syvret|Eric Furlatt
2025020119,Chris Lee|Brandon Schrader
2025020127,Kendrick Nicholson|Brandon Blandina
2025020143,Garrett Rank|Corey Syvret
2025020165,Kyle Rehman|Graedy Hamilton
2025020166,Tom Chmielewski|Justin Kea
2025020170,Kelly Sutherland|Alex Lepkowski
2025020185,Jake Brenk|Carter Sandlak
2025020186,Garrett Rank|Liam Maaskant
2025020197,Furman South|Tom Chmielewski
2025020204,Garrett Rank|Pierre Lambert
2025020206,Jean Hebert|Morgan MacPhee
2025020217,Cody Beach|Chris Lee
2025020218,Mitch Dunning|Thomas John Luxmore
2025020219,Francis Charron|Carter Sandlak
2025020227,Pierre Lambert|Brandon Blandina
2025020243,Trevor Hanson|Corey Syvret
2025020265,Gord Dwyer|Brandon Schrader
2025020266,Jake Brenk|Carter Sandlak
2025020270,Kyle Rehman|Eric Furlatt
2025020285,Francois St-Laurent|Kendrick Nicholson
2025020286,Eric Furlatt|Brandon Blandina
2025020297,Jon McIsaac|Peter MacDougall
2025020300,Francis Charron|Chris Lee
2025020301,Garrett Rank|Mike Sullivan
2025020307,Corey Syvret|Michael Markovic
2025020309,Thomas John Luxmore|Jordan Samuels-Thomas
2025020313,Francis Charron|Kyle Rehman
2025020314,Eric Furlatt|Brandon Schrader
2025020325,Jean Hebert|Justin Kea
2025020372,Trevor Hanson|Jordan Samuels-Thomas
2025020380,Jean Hebert|Thomas John Luxmore
2025020384,Trevor Hanson|Graham Skilliter
2025020389,Kendrick Nicholson|Mike Sullivan
2025020391,Chris Schlenker|Eric Furlatt
2025020393,Tom Chmielewski|Graedy Hamilton
2025020415,Chris Lee|Michael Markovic
2025020420,Jake Brenk|Justin Kea
2025020426,Furman South|Chris Lee
2025020428,Wes McCauley|Corey Syvret
2025020441,Furman South|Trevor Hanson
2025020445,Graham Skilliter|Kendrick Nicholson
2025020446,Corey Syvret|Brandon Blandina
2025020456,Wes McCauley|Liam Maaskant
2025020474,Eric Furlatt|Stephen Hiff
2025020476,Tom Chmielewski|Gord Dwyer
2025020496,Jon McIsaac|Graedy Hamilton
2025020504,Francois St-Laurent|Stephen Hiff
2025020506,Cody Beach|Tom Chmielewski
2025020517,Trevor Hanson|Corey Syvret
2025020518,Chris Lee|Justin Kea
2025020519,Thomas John Luxmore|Brandon Blandina
2025020527,Graham Skilliter|Graedy Hamilton
2025020543,Kelly Sutherland|Graedy Hamilton
2025020565,Wes McCauley|Brandon Blandina
2025020566,Brian Pochmara|Mike Sullivan
2025020570,Gord Dwyer|Kendrick Nicholson
2025020585,Cody Beach|Gord Dwyer
2025020586,Kyle Rehman|Carter Sandlak
2025020597,Kyle Rehman|Tom Chmielewski
2025020605,Chris Lee|Graedy Hamilton
2025020621,Trevor Hanson|Gord Dwyer
2025020630,Chris Schlenker|Peter MacDougall
2025020631,Trevor Hanson|Michael Markovic
2025020632,Pierre Lambert|Riley Brace
2025020633,Kendrick Nicholson|Mike Sullivan
2025020639,Francis Charron|Brandon Schrader
2025020637,Chris Lee|Alex Lepkowski
2025020640,Wes McCauley|Beau Halkidis
2025020649,Trevor Hanson|Brandon Schrader
2025020651,Jean Hebert|Peter MacDougall
2025020653,Frederick L'Ecuyer|Jake Brenk
2025020660,Jean Hebert|Peter MacDougall
2025020661,Francois St-Laurent|Carter Sandlak
2025020667,Francois St-Laurent|Mike Sullivan
2025020671,Jon McIsaac|Jordan Samuels-Thomas
2025020669,Jean Hebert|Peter MacDougall
2025020678,Garrett Rank|Gord Dwyer
2025020694,Francis Charron|Jordan Samuels-Thomas
2025020704,Pierre Lambert|Graedy Hamilton
2025020706,Frederick L'Ecuyer|Brandon Schrader
2025020717,Chris Schlenker|Michael Markovic
2025020718,Frederick L'Ecuyer|Morgan MacPhee
2025020719,Francis Charron|Alex Lepkowski
2025020727,Frederick L'Ecuyer|Graham Skilliter
2025020743,Furman South|Frederick L'Ecuyer
2025020765,Thomas John Luxmore|Stephen Hiff
2025020766,Corey Syvret|Brandon Schrader
2025020770,Pierre Lambert|Morgan MacPhee
2025020785,Graham Skilliter|Jordan Samuels-Thomas
2025020786,Cody Beach|Riley Brace
2025020797,Dan O'Rourke|Pierre Lambert
2025020802,Kelly Sutherland|Pierre Lambert
2025020808,Garrett Rank|Kyle Rehman
2025020811,Francois St-Laurent|Corey Syvret
2025020816,Kendrick Nicholson|Beau Halkidis
2025020835,Brian Pochmara|Beau Halkidis
2025020838,Kyle Rehman|Graedy Hamilton
2025020847,Jean Hebert|Chris Lee
2025020848,Brian Pochmara|Michael Markovic
2025020854,Tom Chmielewski|Corey Syvret
2025020857,Kyle Rehman|Morgan MacPhee
2025020858,Furman South|Jake Brenk
2025020873,Jon McIsaac|Pierre Lambert
2025020875,Kyle Rehman|Corey Syvret
2025020881,Eric Furlatt|Stephen Hiff
2025020882,Francois St-Laurent|Michael Markovic
2025020887,Dan O'Rourke|Liam Maaskant
2025020905,Jon McIsaac|Furman South
2025020921,Furman South|Graham Skilliter
2025020930,Jean Hebert|Graham Skilliter
2025020931,Eric Furlatt|Jordan Samuels-Thomas
2025020932,Mitch Dunning|Pierre Lambert
2025020933,Chris Schlenker|Michael Markovic
2025020937,Wes McCauley|Stephen Hiff
2025020939,Garrett Rank|Thomas John Luxmore
2025020940,Cody Beach|Jake Brenk
2025020949,Chris Schlenker|Mitch Dunning
2025020951,Jon McIsaac|Beau Halkidis
2025020953,Wes McCauley|Morgan MacPhee
2025020960,Thomas John Luxmore|Kendrick Nicholson
2025020961,Kelly Sutherland|Jordan Samuels-Thomas
2025020967,Jean Hebert|Chris Lee
2025020969,Francois St-Laurent|Tom Chmielewski
2025020971,Brian Pochmara|Frederick L'Ecuyer
2025020978,Chris Lee|Peter MacDougall
2025020994,Eric Furlatt|Justin Kea
2025021004,Thomas John Luxmore|Stephen Hiff
2025021006,Jake Brenk|Jordan Samuels-Thomas
2025021017,Furman South|Liam Maaskant
2025021018,Jon McIsaac|Michael Markovic
2025021019,Chris Lee|Justin Kea
2025021027,Frederick L'Ecuyer|Stephen Hiff
2025021043,Francis Charron|Frederick L'Ecuyer
2025021065,Wes McCauley|Jake Brenk
2025021066,Pierre Lambert|Peter MacDougall
2025021070,Jean Hebert|Brandon Blandina
2025021085,Kelly Sutherland|Thomas John Luxmore
2025021086,Francois St-Laurent|Carter Sandlak
2025021097,Chris Schlenker|Kendrick Nicholson
2025021110,Francis Charron|Stephen Hiff
2025021112,Kelly Sutherland|Justin Kea
2025021124,Graham Skilliter|Beau Halkidis
2025021144,Gord Dwyer|Michael Markovic
2025021168,Tom Chmielewski|Carter Sandlak
2025021177,Trevor Hanson|Brandon Schrader
2025021179,Jake Brenk|Kendrick Nicholson
2025021188,Tom Chmielewski|Justin Kea
2025021190,Jon McIsaac|Thomas John Luxmore
2025021202,Graham Skilliter|Jordan Samuels-Thomas
2025021208,Trevor Hanson|Jean Hebert
2025021211,Mitch Dunning|Jake Brenk
2025021216,Garrett Rank|Michael Markovic
2025021235,Chris Rooney|Gord Dwyer
2025021238,Wes McCauley|Carter Sandlak
2025021247,Pierre Lambert|Jake Brenk
2025021248,Trevor Hanson|Justin Kea
2025021254,Thomas John Luxmore|Eric Furlatt
2025021257,Francis Charron|Cody Beach
2025021258,Brian Pochmara|Corey Syvret
2025021273,Graham Skilliter|Brandon Schrader
2025021275,Brian Pochmara|Jordan Samuels-Thomas
2025021281,Chris Schlenker|Trevor Hanson
2025021282,Jean Hebert|Kendrick Nicholson
2025021287,Thomas John Luxmore|Eric Furlatt
2025021300,Chris Schlenker|Francis Charron
2025021301,Wes McCauley|Chris Rooney
2025021309,Trevor Hanson|Brian Pochmara
2025021307,Gord Dwyer|Pierre Lambert
2024020003,Trevor Hanson|Steve Kozari
2024020034,Frederick L'Ecuyer|Chris Lee
2024020036,Mitch Dunning|Eric Furlatt
2024020050,Steve Kozari|Justin Kea
2024020052,Frederick L'Ecuyer|Carter Sandlak
2024020055,Graham Skilliter|Eric Furlatt
2024020063,Trevor Hanson|Cody Beach
2024020083,Kendrick Nicholson|Brandon Blandina
2024020092,Francis Charron|Frederick L'Ecuyer
2024020098,Garrett Rank|Jean Hebert
2024020099,Brian Pochmara|Beau Halkidis
2024020105,Dan O'Rourke|Corey Syvret
2024020121,Wes McCauley|Brandon Schrader
2024020130,Jon McIsaac|Carter Sandlak
2024020131,Eric Furlatt|Jordan Samuels-Thomas
2024020132,Chris Lee|Stephen Hiff
2024020133,Wes McCauley|Graham Skilliter
2024020137,Jon McIsaac|Thomas John Luxmore
2024020139,Chris Lee|Graedy Hamilton
2024020140,Kyle Rehman|Michael Markovic
2024020149,Carter Sandlak|Kendrick Nicholson
2024020153,Kyle Rehman|Furman South
2024020151,Chris Rooney|Peter MacDougall
2024020160,Wes McCauley|Chris Lee
2024020161,Eric Furlatt|Michael Markovic
2024020167,Brian Pochmara|Brandon Schrader
2024020169,Furman South|Jake Brenk
2024020171,Jon McIsaac|Brandon Blandina
2024020178,Eric Furlatt|Michael Markovic
2024020194,Thomas John Luxmore|Peter MacDougall
2024020200,Dan O'Rourke|Morgan MacPhee
2024020201,Furman South|Frederick L'Ecuyer
2024020207,Furman South|Trevor Hanson
2024020209,Mitch Dunning|Thomas John Luxmore
2024020213,Wes McCauley|Riley Brace
2024020214,Brian Pochmara|Stephen Hiff
2024020225,Jon McIsaac|Pierre Lambert
2024020272,Jean Hebert|Stephen Hiff
2024020280,Jake Brenk|Michael Markovic
2024020284,Frederick L'Ecuyer|Jake Brenk
2024020289,Jean Hebert|Mitch Dunning
2024020291,Kendrick Nicholson|Michael Markovic
2024020293,Trevor Hanson|Thomas John Luxmore
2024020304,Garrett Rank|Thomas John Luxmore
2024020306,Brian Pochmara|Chris Lee
2024020317,Garrett Rank|Thomas John Luxmore
2024020318,Francis Charron|Dan O'Rourke
2024020319,Ghislain Hebert|Jordan Samuels-Thomas
2024020327,Furman South|Pierre Lambert
2024020343,Garrett Rank|Jordan Samuels-Thomas
2024020365,Brian Pochmara|Mike Sullivan
2024020366,Jon McIsaac|Kelly Sutherland
2024020370,Trevor Hanson|Graham Skilliter
2024020385,Trevor Hanson|Brandon Schrader
2024020386,Furman South|Steve Kozari
2024020397,Ghislain Hebert|Justin Kea
2024020410,Kyle Rehman|Brandon Schrader
2024020412,Steve Kozari|Beau Halkidis
2024020424,Jean Hebert|Gord Dwyer
2024020444,Kelly Sutherland|Mitch Dunning
2024020468,Kelly Sutherland|Justin Kea
2024020477,Francis Charron|Justin Kea
2024020479,Corey Syvret|Jake Brenk
2024020488,Trevor Hanson|Brandon Blandina
2024020490,Brian Pochmara|Pierre Lambert
2024020510,Kyle Rehman|Corey Syvret
2024020512,Garrett Rank|Ghislain Hebert
2024020524,Chris Lee|Peter MacDougall
2024020544,Kyle Rehman|Graedy Hamilton
2024020568,Chris Schlenker|Jordan Samuels-Thomas
2024020579,Graham Skilliter|Steve Kozari
2024020577,Trevor Hanson|Brandon Blandina
2024020588,Chris Lee|Stephen Hiff
2024020590,Graham Skilliter|Pierre Lambert
2024020610,Thomas John Luxmore|Corey Syvret
2024020612,Brian Pochmara|Kendrick Nicholson
2024020624,Jake Brenk|Michael Markovic
2024020644,Francois St-Laurent|Corey Syvret
2024020668,Furman South|Eric Furlatt
2024020677,Kelly Sutherland|Corey Syvret
2024020679,Chris Lee|Michael Markovic
2024020688,Graham Skilliter|Brandon Blandina
2024020690,Gord Dwyer|Eric Furlatt
2024020702,Kyle Rehman|Justin Kea
2024020708,Ghislain Hebert|Carter Sandlak
2024020711,Thomas John Luxmore|Corey Syvret
2024020716,Wes McCauley|Justin Kea
2024020735,Wes McCauley|Chris Lee
2024020738,Ghislain Hebert|Kendrick Nicholson
2024020747,Kelly Sutherland|Tom Chmielewski
2024020748,Chris Schlenker|Chris Lee
2024020754,Trevor Hanson|Graedy Hamilton
2024020758,Gord Dwyer|Cody Beach
2024020757,Jake Brenk|Kendrick Nicholson
2024020773,Wes McCauley|Michael Markovic
2024020775,Francois St-Laurent|Jean Hebert
2024020781,Garrett Rank|Furman South
2024020782,Chris Rooney|Michael Markovic
2024020787,Kyle Rehman|Brandon Schrader
2024020810,Mitch Dunning|Ghislain Hebert
2024020812,Jon McIsaac|Wes McCauley
2024020824,Chris Schlenker|Jake Brenk
2024020844,Wes McCauley|Mitch Dunning
2024020868,Chris Lee|Michael Markovic
2024020877,Brian Pochmara|Gord Dwyer
2024020879,Francois St-Laurent|Cody Beach
2024020888,Kyle Rehman|Furman South
2024020890,Kelly Sutherland|Mitch Dunning
2024020902,Chris Lee|Brandon Blandina
2024020908,Tom Chmielewski|Ghislain Hebert
2024020911,Chris Schlenker|Corey Syvret
2024020916,Trevor Hanson|Carter Sandlak
2024020935,Mitch Dunning|Graham Skilliter
2024020938,Frederick L'Ecuyer|Justin Kea
2024020947,Jon McIsaac|Mike Sullivan
2024020948,Francis Charron|Kendrick Nicholson
2024020954,Brian Pochmara|Peter MacDougall
2024020957,Chris Rooney|Ghislain Hebert
2024020958,Thomas John Luxmore|Corey Syvret
2024020973,Mitch Dunning|Kendrick Nicholson
2024020975,Dan O'Rourke|Furman South
2024020981,Cody Beach|Peter MacDougall
2024020982,Chris Schlenker|Corey Syvret
2024020987,Tom Chmielewski|Corey Syvret
2024021010,Trevor Hanson|Brandon Schrader
2024021012,Francois St-Laurent|Cody Beach
2024021024,Chris Rooney|Cody Beach
2024021044,Mitch Dunning|Thomas John Luxmore
2024021068,Jake Brenk|Cody Beach
2024021077,Pierre Lambert|Carter Sandlak
2024021079,Kyle Rehman|Michael Markovic
2024021088,Corey Syvret|Jake Brenk
2024021090,Jon McIsaac|Riley Brace
2024021110,Kelly Sutherland|Michael Markovic
2024021112,Garrett Rank|Eric Furlatt
2024021124,Graham Skilliter|Chris Lee
2024021144,Chris Rooney|Dan O'Rourke
2024021168,Kyle Rehman|Brandon Schrader
2024021177,Chris Schlenker|Francois St-Laurent
2024021179,Wes McCauley|Riley Brace
2024021188,Garrett Rank|Trevor Hanson
2024021190,Furman South|Michael Markovic
2024021210,Pierre Lambert|Jake Brenk
2024021212,Kyle Rehman|Graham Skilliter
2024021224,Frederick L'Ecuyer|Ghislain Hebert
2024021244,Chris Schlenker|Gord Dwyer
2024021268,Michael Markovic|Brandon Schrader
2024021277,Kelly Sutherland|Eric Furlatt
2024021279,Chris Rooney|Morgan MacPhee
2024021288,Corey Syvret|Stephen Hiff
2024021290,Trevor Hanson|Frederick L'Ecuyer
2024021310,Francois St-Laurent|Brian Pochmara
2024021312,Chris Rooney|Thomas John Luxmore
2023020004,Chris Rooney|Peter MacDougall
2023020006,Jean Hebert|Brandon Blandina
2023020017,Garrett Rank|Brandon Blandina
2023020018,Kyle Rehman|Mitch Dunning
2023020019,Francois St-Laurent|Pierre Lambert
2023020027,Kyle Rehman|Brandon Blandina
2023020043,Chris Rooney|Carter Sandlak
2023020065,Garrett Rank|Furman South
2023020066,Kyle Rehman|Jake Brenk
2023020070,Brian Pochmara|Thomas John Luxmore
2023020085,Ghislain Hebert|Kevin Pollock
2023020086,Brian Pochmara|Carter Sandlak
2023020097,Trevor Hanson|Jordan Samuels-Thomas
2023020110,Jon McIsaac|Garrett Rank
2023020112,Francois St-Laurent|Pierre Lambert
2023020124,Jon McIsaac|Michael Markovic
2023020144,Mitch Dunning|Kevin Pollock
2023020168,Furman South|Jake Brenk
2023020177,Garrett Rank|Gord Dwyer
2023020179,Kelly Sutherland|Kevin Pollock
2023020188,Frederick L'Ecuyer|Graham Skilliter
2023020190,Brian Pochmara|Michael Markovic
2023020204,Jon McIsaac|Wes McCauley
2023020206,Gord Dwyer|Justin Kea
2023020217,Wes McCauley|Eric Furlatt
2023020218,Furman South|Brian Pochmara
2023020219,Tom Chmielewski|Peter MacDougall
2023020227,Dan O'Rourke|Carter Sandlak
2023020243,Brian Pochmara|Mitch Dunning
2023020265,Trevor Hanson|Pierre Lambert
2023020266,Chris Schlenker|Tom Chmielewski
2023020270,Ghislain Hebert|Carter Sandlak
2023020285,Frederick L'Ecuyer|Michael Markovic
2023020286,Kelly Sutherland|Mitch Dunning
2023020297,Chris Lee|Brandon Schrader
2023020303,Frederick L'Ecuyer|Cody Beach
2023020334,Trevor Hanson|Carter Sandlak
2023020336,Francois St-Laurent|Jean Hebert
2023020350,Jake Brenk|Brandon Schrader
2023020352,Brian Pochmara|Tom Chmielewski
2023020355,Jon McIsaac|Justin Kea
2023020363,Garrett Rank|Furman South
2023020383,Kelly Sutherland|Jake Brenk
2023020392,Chris Rooney|Jake Brenk
2023020398,Francois St-Laurent|Gord Dwyer
2023020399,Chris Lee|Carter Sandlak
2023020400,Kyle Rehman|Cody Beach
2023020401,Corey Syvret|Kevin Pollock
2023020407,Mitch Dunning|Thomas John Luxmore
2023020409,Kevin Pollock|Jordan Samuels-Thomas
2023020413,Chris Schlenker|Pierre Lambert
2023020414,Chris Rooney|Frederick L'Ecuyer
2023020425,Kyle Rehman|Cody Beach
2023020472,Garrett Rank|Kyle Rehman
2023020480,Chris Rooney|Kendrick Nicholson
2023020484,Steve Kozari|Justin Kea
2023020489,Brian Pochmara|Peter MacDougall
2023020491,Thomas John Luxmore|Kevin Pollock
2023020493,Graham Skilliter|Brandon Schrader
2023020504,Wes McCauley|Jean Hebert
2023020506,Chris Schlenker|Furman South
2023020517,Peter MacDougall|Brandon Blandina
2023020518,Garrett Rank|Furman South
2023020519,Kelly Sutherland|Cody Beach
2023020527,Graham Skilliter|Steve Kozari
2023020543,Chris Lee|Pierre Lambert
2023020565,Wes McCauley|Francis Charron
2023020566,Jean Hebert|Justin Kea
2023020570,Chris Schlenker|Pierre Lambert
2023020585,Steve Kozari|Morgan MacPhee
2023020586,Furman South|Trevor Hanson
2023020597,Kyle Rehman|Peter MacDougall
2023020615,Chris Schlenker|Tom Chmielewski
2023020620,Francois St-Laurent|Chris Lee
2023020626,Jean Hebert|Pierre Lambert
2023020628,Kyle Rehman|Cody Beach
2023020641,Brian Pochmara|Pierre Lambert
2023020645,Jon McIsaac|Brandon Schrader
2023020646,Corey Syvret|Jake Brenk
2023020656,Furman South|Ghislain Hebert
2023020674,Ghislain Hebert|Pierre Lambert
2023020676,Jean Hebert|Michael Markovic
2023020696,Chris Schlenker|Kendrick Nicholson
2023020722,Michael Markovic|Peter MacDougall
2023020723,Kyle Rehman|Tom Chmielewski
2023020729,Jean Hebert|Brandon Blandina
2023020742,Kevin Pollock|Peter MacDougall
2023020759,Jon McIsaac|Jake Brenk
2023020762,Kyle Rehman|Trevor Hanson
2023020764,Ghislain Hebert|Justin Kea
2023020795,Francis Charron|Michael Markovic
2023020822,Thomas John Luxmore|Kevin Pollock
2023020823,Kelly Sutherland|Tom Chmielewski
2023020829,Trevor Hanson|Peter MacDougall
2023020842,Jean Hebert|Thomas John Luxmore
2023020859,Kelly Sutherland|Jake Brenk
2023020862,Chris Schlenker|Trevor Hanson
2023020864,Wes McCauley|Tom Chmielewski
2023020895,Garrett Rank|Brandon Blandina
2023020902,Dan O'Rourke|Ghislain Hebert
2023020908,Corey Syvret|Steve Kozari
2023020911,Frederick L'Ecuyer|Graham Skilliter
2023020916,Jon McIsaac|Francis Charron
2023020935,Trevor Hanson|Carter Sandlak
2023020938,Frederick L'Ecuyer|Brandon Blandina
2023020947,Dan O'Rourke|Brandon Schrader
2023020948,Kelly Sutherland|Furman South
2023020954,Jon McIsaac|Pierre Lambert
2023020958,Jean Hebert|Carter Sandlak
2023020957,Francois St-Laurent|Pierre Lambert
2023020973,Chris Rooney|Jean Hebert
2023020975,Francois St-Laurent|Furman South
2023020982,Tom Chmielewski|Pierre Lambert
2023020981,Kelly Sutherland|Brandon Blandina
2023020987,Graham Skilliter|Brandon Schrader
2023021010,Trevor Hanson|Frederick L'Ecuyer
2023021012,Jon McIsaac|Pierre Lambert
2023021024,Jean Hebert|Ghislain Hebert
2023021044,Kyle Rehman|Mitch Dunning
2023021068,Jon McIsaac|Tom Chmielewski
2023021077,Dan O'Rourke|Steve Kozari
2023021079,Jon McIsaac|Jean Hebert
2023021088,Wes McCauley|Furman South
2023021090,Jake Brenk|Kendrick Nicholson
2023021100,Frederick L'Ecuyer|Eric Furlatt
2023021101,Jean Hebert|Pierre Lambert
2023021107,Gord Dwyer|Peter MacDougall
2023021109,Jon McIsaac|Brandon Schrader
2023021113,Frederick L'Ecuyer|Mitch Dunning
2023021114,Eric Furlatt|Michael Markovic
2023021125,Francois St-Laurent|Kyle Rehman
2023021172,Eric Furlatt|Pierre Lambert
2023021180,Jon McIsaac|Carter Sandlak
2023021184,Tom Chmielewski|Steve Kozari
2023021189,Garrett Rank|Graham Skilliter
2023021191,Chris Schlenker|Francis Charron
2023021193,Dan O'Rourke|Furman South
2023021222,Trevor Hanson|Kendrick Nicholson
2023021223,Peter MacDougall|Cody Beach
2023021229,Garrett Rank|Carter Sandlak
2023021242,Francois St-Laurent|Chris Lee
2023021259,Jon McIsaac|Carter Sandlak
2023021262,Furman South|Thomas John Luxmore
2023021264,Trevor Hanson|Kendrick Nicholson
2023021295,Francois St-Laurent|Brandon Blandina
2025020010,Chris Lee|Stephen Hiff
2025020012,Wes McCauley|Kendrick Nicholson
2025020024,Corey Syvret|Michael Markovic
2025020044,Francis Charron|Brandon Blandina
2025020068,Wes McCauley|Graedy Hamilton
2025020077,Cody Beach|Peter MacDougall
2025020079,Michael Markovic|Brandon Blandina
2025020088,Tom Chmielewski|Alex Lepkowski
2025020090,Eric Furlatt|Justin Kea
2025020100,Pierre Lambert|Peter MacDougall
2025020101,Thomas John Luxmore|Brandon Blandina
2025020107,Jake Brenk|Graedy Hamilton
2025020109,Pierre Lambert|Michael Markovic
2025020113,Thomas John Luxmore|Stephen Hiff
2025020114,Jean Hebert|Carter Sandlak
2025020125,Pierre Lambert|Riley Brace
2025020172,Jean Hebert|Pierre Lambert
2025020180,Wes McCauley|Corey Syvret
2025020184,Chris Schlenker|Furman South
2025020189,Kelly Sutherland|Mitch Dunning
2025020191,Kyle Rehman|Brandon Schrader
2025020193,Graham Skilliter|Jordan Samuels-Thomas
2025020200,Frederick L'Ecuyer|Brandon Blandina
2025020201,Francis Charron|Jake Brenk
2025020207,Francis Charron|Jake Brenk
2025020209,Gord Dwyer|Corey Syvret
2025020213,Pierre Lambert|Carter Sandlak
2025020214,Wes McCauley|Peter MacDougall
2025020225,Tom Chmielewski|Kendrick Nicholson
2025020272,Jon McIsaac|Peter MacDougall
2025020280,Wes McCauley|Peter MacDougall
2025020284,Jake Brenk|Morgan MacPhee
2025020289,Pierre Lambert|Carter Sandlak
2025020291,Wes McCauley|Graedy Hamilton
2025020293,Tom Chmielewski|Chris Lee
2025020304,Pierre Lambert|Carter Sandlak
2025020306,Chris Lee|Brandon Schrader
2025020317,Chris Lee|Justin Kea
2025020318,Kyle Rehman|Brandon Schrader
2025020319,Furman South|Peter MacDougall
2025020327,Eric Furlatt|Liam Maaskant
2025020343,Kelly Sutherland|Jordan Samuels-Thomas
2025020365,Kelly Sutherland|Liam Maaskant
2025020366,Pierre Lambert|Justin Kea
2025020370,Kyle Rehman|Furman South
2025020385,Garrett Rank|Riley Brace
2025020386,Jon McIsaac|Kelly Sutherland
2025020397,Wes McCauley|Carter Sandlak
2025020403,Gord Dwyer|Brandon Blandina
2025020434,Kyle Rehman|Carter Sandlak
2025020436,Gord Dwyer|Graedy Hamilton
2025020450,Cody Beach|Eric Furlatt
2025020452,Kyle Rehman|Jake Brenk
2025020455,Thomas John Luxmore|Riley Brace
2025020463,Garrett Rank|Jake Brenk
2025020483,Corey Syvret|Brandon Blandina
2025020492,Wes McCauley|Cody Beach
2025020498,Frederick L'Ecuyer|Jake Brenk
2025020499,Furman South|Brian Pochmara
2025020500,Kyle Rehman|Corey Syvret
2025020501,Thomas John Luxmore|Mike Sullivan
2025020507,Chris Lee|Jordan Samuels-Thomas
2025020509,Francis Charron|Carter Sandlak
2025020513,Chris Schlenker|Graham Skilliter
2025020514,Gord Dwyer|Eric Furlatt
2025020525,Francis Charron|Brandon Schrader
2025020572,Furman South|Liam Maaskant
2025020580,Frederick L'Ecuyer|Beau Halkidis
2025020584,Wes McCauley|Corey Syvret
2025020589,Thomas John Luxmore|Liam Maaskant
2025020591,Wes McCauley|Kelly Sutherland
2025020593,Francois St-Laurent|Beau Halkidis
2025020610,Garrett Rank|Thomas John Luxmore
2025020612,Kyle Rehman|Jordan Samuels-Thomas
2025020624,Francis Charron|Jordan Samuels-Thomas
2025020644,Chris Lee|Michael Markovic
2025020668,Thomas John Luxmore|Pierre Lambert
2025020677,Frederick L'Ecuyer|Liam Maaskant
2025020679,Francis Charron|Brandon Schrader
2025020688,Chris Rooney|Jordan Samuels-Thomas
2025020690,Thomas John Luxmore|Justin Kea
2025020700,Jake Brenk|Beau Halkidis
2025020701,Garrett Rank|Riley Brace
2025020707,Chris Schlenker|Chris Rooney
2025020709,Thomas John Luxmore|Eric Furlatt
2025020713,Chris Schlenker|Chris Rooney
2025020714,Wes McCauley|Gord Dwyer
2025020725,Dan O'Rourke|Pierre Lambert
2025020772,Michael Markovic|Brandon Schrader
2025020780,Eric Furlatt|Brandon Blandina
2025020784,Trevor Hanson|Pierre Lambert
2025020789,Chris Rooney|Carter Sandlak
2025020791,Frederick L'Ecuyer|Brandon Schrader
2025020793,Kyle Rehman|Justin Kea
2025020822,Garrett Rank|Carter Sandlak
2025020823,Chris Rooney|Frederick L'Ecuyer
2025020829,Garrett Rank|Brandon Blandina
2025020842,Pierre Lambert|Michael Markovic
2025020859,Wes McCauley|Brandon Schrader
2025020862,Kelly Sutherland|Jean Hebert
2025020864,Thomas John Luxmore|Michael Markovic
2025020895,Trevor Hanson|Stephen Hiff
2025020910,Kelly Sutherland|Jordan Samuels-Thomas
2025020912,Furman South|Graham Skilliter
2025020924,Francis Charron|Kelly Sutherland
2025020944,Chris Lee|Michael Markovic
2025020968,Pierre Lambert|Justin Kea
2025020977,Furman South|Brandon Blandina
2025020979,Jean Hebert|Jordan Samuels-Thomas
2025020988,Graham Skilliter|Jake Brenk
2025020990,Chris Rooney|Brian Pochmara
2025021000,Chris Schlenker|Corey Syvret
2025021001,Jean Hebert|Brandon Blandina
2025021007,Kelly Sutherland|Graham Skilliter
2025021009,Jon McIsaac|Furman South
2025021013,Garrett Rank|Peter MacDougall
2025021014,Tom Chmielewski|Mitch Dunning
2025021025,Tom Chmielewski|Mitch Dunning
2025021072,Pierre Lambert|Peter MacDougall
2025021080,Chris Rooney|Brian Pochmara
2025021084,Wes McCauley|Furman South
2025021089,Eric Furlatt|Kendrick Nicholson
2025021091,Brian Pochmara|Brandon Schrader
2025021093,Cody Beach|Gord Dwyer
2025021105,Chris Rooney|Peter MacDougall
2025021121,Jake Brenk|Kendrick Nicholson
2025021130,Chris Schlenker|Garrett Rank
2025021131,Pierre Lambert|Mike Sullivan
2025021133,Mitch Dunning|Corey Syvret
2025021132,Cody Beach|Jean Hebert
2025021137,Graham Skilliter|Jake Brenk
2025021139,Frederick L'Ecuyer|Chris Lee
2025021140,Jon McIsaac|Tom Chmielewski
2025021149,Furman South|Brandon Schrader
2025021151,Brian Pochmara|Jordan Samuels-Thomas
2025021153,Frederick L'Ecuyer|Corey Syvret
2025021160,Thomas John Luxmore|Mike Sullivan
2025021161,Jon McIsaac|Brandon Blandina
2025021167,Frederick L'Ecuyer|Corey Syvret
2025021169,Cody Beach|Gord Dwyer
2025021171,Kendrick Nicholson|Beau Halkidis
2025021178,Chris Rooney|Stephen Hiff
2025021194,Furman South|Graedy Hamilton
2025021222,Wes McCauley|Justin Kea
2025021223,Mitch Dunning|Jake Brenk
2025021229,Chris Rooney|Gord Dwyer
2025021242,Corey Syvret|Peter MacDougall
2025021259,Wes McCauley|Graham Skilliter
2025021262,Chris Rooney|Jake Brenk
2025021264,Kelly Sutherland|Corey Syvret
2025021295,Wes McCauley|Brandon Blandina
2025021304,Jon McIsaac|Eric Furlatt
2025021306,Trevor Hanson|Brian Pochmara
2024020015,Francis Charron|Gord Dwyer
2024020020,Tom Chmielewski|Carter Sandlak
2024020026,Dan O'Rourke|Ghislain Hebert
2024020028,Chris Rooney|Morgan MacPhee
2024020041,Chris Lee|Brandon Blandina
2024020045,Kelly Sutherland|Michael Markovic
2024020046,Gord Dwyer|Ghislain Hebert
2024020056,Garrett Rank|Corey Syvret
2024020074,Ghislain Hebert|Brandon Schrader
2024020076,Furman South|Frederick L'Ecuyer
2024020096,Kendrick Nicholson|Brandon Blandina
2024020110,Kendrick Nicholson|Brandon Blandina
2024020112,Jake Brenk|Eric Furlatt
2024020124,Kelly Sutherland|Mitch Dunning
2024020144,Kelly Sutherland|Chris Lee
2024020168,Garrett Rank|Graham Skilliter
2024020177,Ghislain Hebert|Pierre Lambert
2024020179,Jon McIsaac|Brian Pochmara
2024020188,Dan O'Rourke|Ghislain Hebert
2024020190,Kyle Rehman|Tom Chmielewski
2024020204,Kendrick Nicholson|Justin Kea
2024020206,Dan O'Rourke|Gord Dwyer
2024020217,Frederick L'Ecuyer|Eric Furlatt
2024020218,Jean Hebert|Justin Kea
2024020219,Carter Sandlak|Kendrick Nicholson
2024020227,Kelly Sutherland|Thomas John Luxmore
2024020243,Carter Sandlak|Peter MacDougall
2024020265,Gord Dwyer|Pierre Lambert
2024020266,Wes McCauley|Brandon Schrader
2024020270,Kyle Rehman|Peter MacDougall
2024020286,Thomas John Luxmore|Brandon Blandina
2024020285,Gord Dwyer|Brandon Schrader
2024020297,Tom Chmielewski|Riley Brace
2024020300,Garrett Rank|Furman South
2024020301,Eric Furlatt|Kendrick Nicholson
2024020307,Frederick L'Ecuyer|Carter Sandlak
2024020309,Jon McIsaac|Pierre Lambert
2024020313,Michael Markovic|Peter MacDougall
2024020314,Tom Chmielewski|Cody Beach
2024020325,Wes McCauley|Beau Halkidis
2024020372,Chris Rooney|Jake Brenk
2024020380,Brian Pochmara|Brandon Blandina
2024020384,Chris Lee|Cody Beach
2024020389,Ghislain Hebert|Peter MacDougall
2024020391,Jon McIsaac|Garrett Rank
2024020393,Jake Brenk|Brandon Blandina
2024020405,Jean Hebert|Gord Dwyer
2024020421,Chris Rooney|Frederick L'Ecuyer
2024020430,Mitch Dunning|Steve Kozari
2024020431,Francis Charron|Tom Chmielewski
2024020432,Garrett Rank|Kyle Rehman
2024020433,Wes McCauley|Furman South
2024020437,Graham Skilliter|Chris Lee
2024020439,Trevor Hanson|Michael Markovic
2024020440,Chris Rooney|Brandon Schrader
2024020449,Jake Brenk|Brandon Schrader
2024020451,Dan O'Rourke|Furman South
2024020453,Gord Dwyer|Justin Kea
2024020460,Kyle Rehman|Ghislain Hebert
2024020461,Dan O'Rourke|Furman South
2024020467,Jake Brenk|Chris Lee
2024020469,Wes McCauley|Carter Sandlak
2024020471,Steve Kozari|Morgan MacPhee
2024020478,Brian Pochmara|Michael Markovic
2024020494,Ghislain Hebert|Eric Furlatt
2024020505,Chris Rooney|Cody Beach
2024020521,Kelly Sutherland|Jake Brenk
2024020530,Mitch Dunning|Graham Skilliter
2024020531,Dan O'Rourke|Stephen Hiff
2024020532,Garrett Rank|Beau Halkidis
2024020533,Francois St-Laurent|Morgan MacPhee
2024020537,Chris Schlenker|Jordan Samuels-Thomas
2024020539,Ghislain Hebert|Chris Lee
2024020540,Furman South|Thomas John Luxmore
2024020549,Dan O'Rourke|Brian Pochmara
2024020551,Justin Kea|Brandon Blandina
2024020553,Wes McCauley|Carter Sandlak
2024020560,Kelly Sutherland|Eric Furlatt
2024020561,Brian Pochmara|Carter Sandlak
2024020567,Tom Chmielewski|Cody Beach
2024020569,Garrett Rank|Morgan MacPhee
2024020571,Graham Skilliter|Peter MacDougall
2024020578,Thomas John Luxmore|Jake Brenk
2024020594,Kyle Rehman|Cody Beach
2024020605,Kelly Sutherland|Furman South
2024020621,Chris Schlenker|Graham Skilliter
2024020630,Garrett Rank|Justin Kea
2024020631,Brian Pochmara|Mitch Dunning
2024020632,Kyle Rehman|Kelly Sutherland
2024020633,Wes McCauley|Corey Syvret
2024020637,Jean Hebert|Brandon Blandina
2024020639,Kendrick Nicholson|Peter MacDougall
2024020640,Brian Pochmara|Carter Sandlak
2024020649,Dan O'Rourke|Carter Sandlak
2024020651,Gord Dwyer|Ghislain Hebert
2024020660,Mitch Dunning|Ghislain Hebert
2024020661,Brian Pochmara|Michael Markovic
2024020667,Gord Dwyer|Pierre Lambert
2024020669,Trevor Hanson|Jean Hebert
2024020671,Tom Chmielewski|Justin Kea
2024020678,Gord Dwyer|Pierre Lambert
2024020694,Dan O'Rourke|Morgan MacPhee
2024020722,Dan O'Rourke|Carter Sandlak
2024020723,Francis Charron|Kendrick Nicholson
2024020729,Garrett Rank|Mitch Dunning
2024020742,Wes McCauley|Jordan Samuels-Thomas
2024020759,Kelly Sutherland|Furman South
2024020762,Jon McIsaac|Brian Pochmara
2024020764,Garrett Rank|Justin Kea
2024020795,Chris Rooney|Michael Markovic
2024020805,Frederick L'Ecuyer|Pierre Lambert
2024020821,Pierre Lambert|Brandon Schrader
2024020830,Jon McIsaac|Furman South
2024020831,Frederick L'Ecuyer|Eric Furlatt
2024020832,Francois St-Laurent|Brandon Blandina
2024020833,Tom Chmielewski|Peter MacDougall
2024020837,Chris Schlenker|Trevor Hanson
2024020839,Frederick L'Ecuyer|Eric Furlatt
2024020840,Gord Dwyer|Mitch Dunning
2024020849,Jon McIsaac|Chris Rooney
2024020851,Thomas John Luxmore|Ghislain Hebert
2024020853,Corey Syvret|Chris Lee
2024020860,Thomas John Luxmore|Ghislain Hebert
2024020861,Furman South|Tom Chmielewski
2024020867,Trevor Hanson|Ghislain Hebert
2024020869,Kyle Rehman|Carter Sandlak
2024020871,Kelly Sutherland|Mitch Dunning
2024020878,Jon McIsaac|Frederick L'Ecuyer
2024020894,Ghislain Hebert|Jake Brenk
2024020922,Gord Dwyer|Mitch Dunning
2024020923,Kyle Rehman|Brandon Schrader
2024020929,Garrett Rank|Jake Brenk
2024020942,Jean Hebert|Thomas John Luxmore
2024020959,Wes McCauley|Jordan Samuels-Thomas
2024020962,Francois St-Laurent|Furman South
2024020964,Chris Rooney|Carter Sandlak
2024020995,Graham Skilliter|Brandon Blandina
2024021005,Garrett Rank|Thomas John Luxmore
2024021021,Thomas John Luxmore|Beau Halkidis
2024021030,Francis Charron|Justin Kea
2024021031,Chris Schlenker|Brandon Blandina
2024021032,Tom Chmielewski|Chris Lee
2024021033,Trevor Hanson|Carter Sandlak
2024021037,Tom Chmielewski|Chris Lee
2024021039,Trevor Hanson|Cody Beach
2024021040,Jon McIsaac|Garrett Rank
2024021049,Kelly Sutherland|Jake Brenk
2024021051,Tom Chmielewski|Chris Lee
2024021053,Corey Syvret|Eric Furlatt
2024021060,Garrett Rank|Ghislain Hebert
2024021061,Thomas John Luxmore|Brandon Schrader
2024021067,Trevor Hanson|Eric Furlatt
2024021069,Francois St-Laurent|Michael Markovic
2024021071,Chris Schlenker|Kendrick Nicholson
2024021078,Francois St-Laurent|Kelly Sutherland
2024021094,Michael Markovic|Peter MacDougall
2024021105,Corey Syvret|Jake Brenk
2024021121,Brian Pochmara|Brandon Blandina
2024021130,Jake Brenk|Michael Markovic
2024021131,Kelly Sutherland|Peter MacDougall
2024021132,Eric Furlatt|Carter Sandlak
2024021133,Jean Hebert|Justin Kea
2024021137,Chris Schlenker|Francois St-Laurent
2024021139,Jon McIsaac|Thomas John Luxmore
2024021140,Trevor Hanson|Jean Hebert
2024021149,Brian Pochmara|Gord Dwyer
2024021151,Francis Charron|Graedy Hamilton
2024021153,Eric Furlatt|Morgan MacPhee
2024021160,Kendrick Nicholson|Justin Kea
2024021161,Francis Charron|Cody Beach
2024021167,Corey Syvret|Chris Lee
2024021169,Graham Skilliter|Michael Markovic
2024021171,Thomas John Luxmore|Brandon Blandina
2024021178,Gord Dwyer|Justin Kea
2024021194,Francis Charron|Brian Pochmara
2024021205,Furman South|Graham Skilliter
2024021221,Cody Beach|Stephen Hiff
2024021230,Chris Rooney|Pierre Lambert
2024021231,Kyle Rehman|Graham Skilliter
2024021232,Kendrick Nicholson|Michael Markovic
2024021233,Furman South|Cody Beach
2024021237,Jean Hebert|Thomas John Luxmore
2024021239,Pierre Lambert|Chris Lee
2024021240,Francois St-Laurent|Alex Lepkowski
2024021249,Kelly Sutherland|Jake Brenk
2024021251,Frederick L'Ecuyer|Chris Lee
2024021253,Francois St-Laurent|Pierre Lambert
2024021260,Trevor Hanson|Gord Dwyer
2024021261,Thomas John Luxmore|Eric Furlatt
2024021267,Kyle Rehman|Justin Kea
2024021269,Garrett Rank|Trevor Hanson
2024021271,Peter MacDougall|Beau Halkidis
2024021278,Mitch Dunning|Brandon Blandina
2024021294,Garrett Rank|Dan O'Rourke
2024021305,Chris Schlenker|Pierre Lambert
2024020653,Mitch Dunning|Chris Lee
2023020001,Chris Rooney|Jake Brenk
2023020007,Tom Chmielewski|Graham Skilliter
2023020009,Chris Schlenker|Gord Dwyer
2023020013,Frederick L'Ecuyer|Jake Brenk
2023020014,Corey Syvret|Eric Furlatt
2023020025,Jon McIsaac|Jake Brenk
2023020072,Jean Hebert|Corey Syvret
2023020080,Chris Lee|Brandon Schrader
2023020089,Jean Hebert|Brandon Blandina
2023020091,Mitch Dunning|Jake Brenk
2023020084,Tom Chmielewski|Morgan MacPhee
2023020093,Jon McIsaac|Garrett Rank
2023020105,Kendrick Nicholson|Justin Kea
2023020121,Chris Schlenker|Kelly Sutherland
2023020130,Chris Schlenker|Kelly Sutherland
2023020131,Ghislain Hebert|Beau Halkidis
2023020132,Frederick L'Ecuyer|Brandon Blandina
2023020133,Furman South|Jean Hebert
2023020137,Dan O'Rourke|Brandon Schrader
2023020139,Chris Rooney|Kendrick Nicholson
2023020140,Trevor Hanson|Eric Furlatt
2023020149,Chris Rooney|Beau Halkidis
2023020151,Chris Lee|Justin Kea
2023020153,Jean Hebert|Corey Syvret
2023020160,Peter MacDougall|Brandon Blandina
2023020161,Garrett Rank|Michael Markovic
2023020167,Wes McCauley|Francois St-Laurent
2023020169,Tom Chmielewski|Carter Sandlak
2023020171,Kyle Rehman|Corey Syvret
2023020178,Jean Hebert|Brandon Blandina
2023020194,Jon McIsaac|Furman South
2023020200,Carter Sandlak|Kendrick Nicholson
2023020201,Kelly Sutherland|Peter MacDougall
2023020207,Chris Lee|Kevin Pollock
2023020209,Thomas John Luxmore|Ghislain Hebert
2023020213,Corey Syvret|Jake Brenk
2023020214,Kyle Rehman|Mitch Dunning
2023020225,Kevin Pollock|Brandon Blandina
2023020272,Wes McCauley|Jake Brenk
2023020280,Ghislain Hebert|Brandon Blandina
2023020284,Wes McCauley|Jake Brenk
2023020289,Gord Dwyer|Kevin Pollock
2023020291,Tom Chmielewski|Pierre Lambert
2023020293,Chris Rooney|Michael Markovic
2023020315,Pierre Lambert|Steve Kozari
2023020320,Chris Schlenker|Tom Chmielewski
2023020326,Jean Hebert|Corey Syvret
2023020328,Furman South|Kendrick Nicholson
2023020345,Kendrick Nicholson|Pierre Lambert
2023020346,Frederick L'Ecuyer|Cody Beach
2023020341,Kyle Rehman|Gord Dwyer
2023020356,Kelly Sutherland|Beau Halkidis
2023020374,Francis Charron|Brandon Blandina
2023020376,Trevor Hanson|Peter MacDougall
2023020396,Garrett Rank|Frederick L'Ecuyer
2023020404,Kendrick Nicholson|Jordan Samuels-Thomas
2023020406,Tom Chmielewski|Justin Kea
2023020417,Wes McCauley|Francis Charron
2023020418,Kyle Rehman|Kendrick Nicholson
2023020419,Thomas John Luxmore|Corey Syvret
2023020427,Wes McCauley|Francis Charron
2023020443,Jean Hebert|Chris Lee
2023020465,Jean Hebert|Chris Lee
2023020466,Jake Brenk|Kendrick Nicholson
2023020470,Trevor Hanson|Tom Chmielewski
2023020485,Chris Rooney|Beau Halkidis
2023020486,Kelly Sutherland|Pierre Lambert
2023020497,Frederick L'Ecuyer|Corey Syvret
2023020500,Thomas John Luxmore|Morgan MacPhee
2023020501,Francois St-Laurent|Pierre Lambert
2023020507,Kyle Rehman|Jordan Samuels-Thomas
2023020509,Trevor Hanson|Graham Skilliter
2023020513,Mitch Dunning|Kevin Pollock
2023020514,Brian Pochmara|Thomas John Luxmore
2023020525,Chris Schlenker|Corey Syvret
2023020572,Chris Rooney|Steve Kozari
2023020580,Chris Schlenker|Francis Charron
2023020584,Chris Lee|Pierre Lambert
2023020589,Brian Pochmara|Kevin Pollock
2023020591,Corey Syvret|Kendrick Nicholson
2023020593,Wes McCauley|Brandon Schrader
2023020603,Trevor Hanson|Brandon Blandina
2023020634,Chris Schlenker|Morgan MacPhee
2023020636,Trevor Hanson|Steve Kozari
2023020650,Chris Lee|Kendrick Nicholson
2023020652,Brandon Blandina|Steve Kozari
2023020655,Jon McIsaac|Wes McCauley
2023020663,Mitch Dunning|Eric Furlatt
2023020683,Kelly Sutherland|Corey Syvret
2023020692,Francois St-Laurent|Morgan MacPhee
2023020698,Chris Lee|Steve Kozari
2023020699,Kyle Rehman|Peter MacDougall
2023020702,Chris Schlenker|Kendrick Nicholson
2023020708,Jean Hebert|Brandon Schrader
2023020711,Jon McIsaac|Beau Halkidis
2023020716,Thomas John Luxmore|Jordan Samuels-Thomas
2023020735,Chris Schlenker|Corey Syvret
2023020738,Jean Hebert|Tom Chmielewski
2023020747,Chris Rooney|Dan O'Rourke
2023020748,Jon McIsaac|Francois St-Laurent
2023020754,Graham Skilliter|Pierre Lambert
2023020757,Chris Lee|Brandon Blandina
2023020758,Michael Markovic|Kevin Pollock
2023020773,Dan O'Rourke|Thomas John Luxmore
2023020775,Ghislain Hebert|Pierre Lambert
2023020781,Chris Rooney|Brian Pochmara
2023020782,Garrett Rank|Brandon Blandina
2023020787,Trevor Hanson|Steve Kozari
2023020802,Frederick L'Ecuyer|Morgan MacPhee
2023020808,Trevor Hanson|Steve Kozari
2023020811,Mitch Dunning|Peter MacDougall
2023020816,Thomas John Luxmore|Kevin Pollock
2023020835,Jon McIsaac|Brian Pochmara
2023020838,Frederick L'Ecuyer|Graham Skilliter
2023020847,Corey Syvret|Chris Lee
2023020848,Eric Furlatt|Brandon Schrader
2023020854,Frederick L'Ecuyer|Ghislain Hebert
2023020857,Francis Charron|Carter Sandlak
2023020858,Graham Skilliter|Peter MacDougall
2023020873,Trevor Hanson|Brandon Schrader
2023020875,Corey Syvret|Chris Lee
2023020881,Kyle Rehman|Brandon Schrader
2023020882,Kendrick Nicholson|Steve Kozari
2023020887,Jake Brenk|Brandon Schrader
2023020922,Trevor Hanson|Steve Kozari
2023020923,Jon McIsaac|Mitch Dunning
2023020929,Eric Furlatt|Pierre Lambert
2023020942,Pierre Lambert|Brandon Blandina
2023020959,Jon McIsaac|Brandon Schrader
2023020962,Brian Pochmara|Peter MacDougall
2023020964,Mitch Dunning|Ghislain Hebert
2023020995,Tom Chmielewski|Mitch Dunning
2023021005,Corey Syvret|Chris Lee
2023021021,Chris Schlenker|Steve Kozari
2023021030,Furman South|Steve Kozari
2023021031,Chris Rooney|Carter Sandlak
2023021032,Garrett Rank|Ghislain Hebert
2023021033,Jean Hebert|Beau Halkidis
2023021037,Jon McIsaac|Tom Chmielewski
2023021039,Graham Skilliter|Pierre Lambert
2023021040,Kyle Rehman|Michael Markovic
2023021049,Jean Hebert|Chris Lee
2023021051,Gord Dwyer|Brandon Blandina
2023021053,Jon McIsaac|Tom Chmielewski
2023021060,Kelly Sutherland|Brandon Blandina
2023021061,Chris Rooney|Thomas John Luxmore
2023021067,Dan O'Rourke|Steve Kozari
2023021069,Gord Dwyer|Brandon Schrader
2023021071,Francois St-Laurent|Kendrick Nicholson
2023021078,Thomas John Luxmore|Peter MacDougall
2023021094,Chris Schlenker|Kyle Rehman
2023021104,Tom Chmielewski|Corey Syvret
2023021106,Jake Brenk|Kendrick Nicholson
2023021117,Pierre Lambert|Steve Kozari
2023021118,Kelly Sutherland|Jean Hebert
2023021119,Jon McIsaac|Graham Skilliter
2023021127,Frederick L'Ecuyer|Carter Sandlak
2023021143,Francois St-Laurent|Morgan MacPhee
2023021165,Chris Rooney|Tom Chmielewski
2023021166,Garrett Rank|Brandon Blandina
2023021170,Gord Dwyer|Thomas John Luxmore
2023021185,Ghislain Hebert|Graham Skilliter
2023021186,Francois St-Laurent|Furman South
2023021197,Trevor Hanson|Peter MacDougall
2023021202,Chris Rooney|Corey Syvret
2023021208,Thomas John Luxmore|Steve Kozari
2023021211,Furman South|Trevor Hanson
2023021216,Mitch Dunning|Eric Furlatt
2023021235,Kyle Rehman|Mitch Dunning
2023021238,Frederick L'Ecuyer|Michael Markovic
2023021247,Corey Syvret|Graham Skilliter
2023021248,Kyle Rehman|Thomas John Luxmore
2023021254,Chris Schlenker|Pierre Lambert
2023021257,Chris Rooney|Ghislain Hebert
2023021258,Graham Skilliter|Eric Furlatt
2023021273,Furman South|Peter MacDougall
2023021275,Frederick L'Ecuyer|Michael Markovic
2023021281,Chris Schlenker|Trevor Hanson
2023021282,Cody Beach|Beau Halkidis
2023021287,Garrett Rank|Francois St-Laurent
2023021303,Wes McCauley|Kelly Sutherland
2025020001,Kelly Sutherland|Eric Furlatt
2025020007,Garrett Rank|Jean Hebert
2025020009,Furman South|Trevor Hanson
2025020013,Gord Dwyer|Mitch Dunning
2025020014,Corey Syvret|Eric Furlatt
2025020025,Brandon Schrader|Peter MacDougall
2025020072,Garrett Rank|Carter Sandlak
2025020080,Mitch Dunning|Pierre Lambert
2025020084,Graham Skilliter|Kendrick Nicholson
2025020089,Jean Hebert|Carter Sandlak
2025020091,Frederick L'Ecuyer|Thomas John Luxmore
2025020093,Dan O'Rourke|Mike Sullivan
2025020110,Trevor Hanson|Morgan MacPhee
2025020112,Furman South|Graham Skilliter
2025020124,Kelly Sutherland|Michael Markovic
2025020144,Cody Beach|Gord Dwyer
2025020168,Kendrick Nicholson|Liam Maaskant
2025020177,Furman South|Trevor Hanson
2025020179,Chris Lee|Morgan MacPhee
2025020188,Jean Hebert|Mike Sullivan
2025020190,Pierre Lambert|Brandon Blandina
2025020210,Kendrick Nicholson|Graedy Hamilton
2025020212,Tom Chmielewski|Jordan Samuels-Thomas
2025020224,Furman South|Eric Furlatt
2025020244,Garrett Rank|Carter Sandlak
2025020268,Jon McIsaac|Garrett Rank
2025020277,Chris Schlenker|Cody Beach
2025020279,Pierre Lambert|Carter Sandlak
2025020288,Kyle Rehman|Beau Halkidis
2025020290,Thomas John Luxmore|Justin Kea
2025020305,Wes McCauley|Brandon Blandina
2025020321,Garrett Rank|Mitch Dunning
2025020330,Francis Charron|Alex Lepkowski
2025020331,Furman South|Peter MacDougall
2025020332,Jean Hebert|Kendrick Nicholson
2025020333,Graham Skilliter|Brandon Blandina
2025020337,Chris Lee|Justin Kea
2025020339,Jean Hebert|Corey Syvret
2025020340,Kendrick Nicholson|Stephen Hiff
2025020349,Tom Chmielewski|Peter MacDougall
2025020351,Gord Dwyer|Michael Markovic
2025020353,Wes McCauley|Frederick L'Ecuyer
2025020360,Francois St-Laurent|Brandon Blandina
2025020361,Chris Lee|Peter MacDougall
2025020367,Wes McCauley|Frederick L'Ecuyer
2025020369,Chris Schlenker|Carter Sandlak
2025020371,Tom Chmielewski|Kendrick Nicholson
2025020378,Chris Lee|Brandon Schrader
2025020394,Frederick L'Ecuyer|Alex Lepkowski
2025020402,Kelly Sutherland|Michael Markovic
2025020408,Trevor Hanson|Brandon Blandina
2025020411,Jean Hebert|Pierre Lambert
2025020416,Kendrick Nicholson|Stephen Hiff
2025020435,Mitch Dunning|Jake Brenk
2025020438,Thomas John Luxmore|Justin Kea
2025020447,Francois St-Laurent|Jordan Samuels-Thomas
2025020448,Tom Chmielewski|Pierre Lambert
2025020454,Jean Hebert|Brandon Schrader
2025020457,Kelly Sutherland|Graham Skilliter
2025020458,Furman South|Chris Lee
2025020473,Garrett Rank|Jake Brenk
2025020475,Mitch Dunning|Thomas John Luxmore
2025020481,Kyle Rehman|Frederick L'Ecuyer
2025020482,Jon McIsaac|Francois St-Laurent
2025020487,Tom Chmielewski|Graedy Hamilton
2025020510,Frederick L'Ecuyer|Brandon Blandina
2025020512,Furman South|Brian Pochmara
2025020524,Mitch Dunning|Jake Brenk
2025020544,Eric Furlatt|Justin Kea
2025020568,Tom Chmielewski|Pierre Lambert
2025020579,Brian Pochmara|Peter MacDougall
2025020577,Furman South|Brandon Blandina
2025020588,Carter Sandlak|Brandon Blandina
2025020590,Brian Pochmara|Brandon Schrader
2025020600,Jon McIsaac|Chris Schlenker
2025020601,Furman South|Thomas John Luxmore
2025020607,Cody Beach|Kendrick Nicholson
2025020609,Pierre Lambert|Peter MacDougall
2025020613,Trevor Hanson|Michael Markovic
2025020614,Tom Chmielewski|Graham Skilliter
2025020625,Jon McIsaac|Brandon Schrader
2025020672,Francis Charron|Gord Dwyer
2025020680,Trevor Hanson|Carter Sandlak
2025020684,Jean Hebert|Beau Halkidis
2025020689,Jake Brenk|Brandon Schrader
2025020691,Chris Lee|Stephen Hiff
2025020693,Eric Furlatt|Carter Sandlak
2025020710,Trevor Hanson|Chris Lee
2025020712,Jon McIsaac|Graham Skilliter
2025020724,Trevor Hanson|Jake Brenk
2025020744,Gord Dwyer|Morgan MacPhee
2025020768,Kendrick Nicholson|Jordan Samuels-Thomas
2025020777,Kyle Rehman|Graedy Hamilton
2025020779,Jean Hebert|Liam Maaskant
2025020788,Jon McIsaac|Kendrick Nicholson
2025020790,Furman South|Michael Markovic
2025020815,Dan O'Rourke|Alex Lepkowski
2025020820,Furman South|Tom Chmielewski
2025020826,Brian Pochmara|Liam Maaskant
2025020841,Kendrick Nicholson|Mike Sullivan
2025020845,Frederick L'Ecuyer|Justin Kea
2025020846,Wes McCauley|Brandon Schrader
2025020856,Graham Skilliter|Graedy Hamilton
2025020874,Dan O'Rourke|Beau Halkidis
2025020876,Chris Rooney|Brandon Schrader
2025020896,Wes McCauley|Michael Markovic
2025020900,Jean Hebert|Graham Skilliter
2025020901,Cody Beach|Tom Chmielewski
2025020907,Francois St-Laurent|Pierre Lambert
2025020909,Cody Beach|Frederick L'Ecuyer
2025020913,Garrett Rank|Brandon Schrader
2025020914,Trevor Hanson|Mike Sullivan
2025020925,Garrett Rank|Brandon Schrader
2025020972,Cody Beach|Graham Skilliter
2025020980,Jon McIsaac|Garrett Rank
2025020984,Jean Hebert|Gord Dwyer
2025020989,Chris Schlenker|Kelly Sutherland
2025020991,Frederick L'Ecuyer|Kendrick Nicholson
2025020993,Francois St-Laurent|Mitch Dunning
2025020828,Pierre Lambert|Peter MacDougall
2025021010,Chris Lee|Riley Brace
2025021012,Frederick L'Ecuyer|Eric Furlatt
2025021024,Trevor Hanson|Jordan Samuels-Thomas
2025021044,Francois St-Laurent|Kelly Sutherland
2025021068,Francis Charron|Michael Markovic
2025021077,Francois St-Laurent|Thomas John Luxmore
2025021079,Jake Brenk|Justin Kea
2025021088,Michael Markovic|Peter MacDougall
2025021090,Graham Skilliter|Jordan Samuels-Thomas
2025021104,Furman South|Michael Markovic
2025021106,Garrett Rank|Pierre Lambert
2025021117,Cody Beach|Trevor Hanson
2025021118,Chris Schlenker|Gord Dwyer
2025021119,Graham Skilliter|Carter Sandlak
2025021127,Jon McIsaac|Kelly Sutherland
2025021143,Garrett Rank|Brandon Blandina
2025021165,Francois St-Laurent|Graham Skilliter
2025021166,Chris Schlenker|Justin Kea
2025021170,Francis Charron|Kyle Rehman
2025021185,Furman South|Corey Syvret
2025021186,Mitch Dunning|Beau Halkidis
2025021197,Francois St-Laurent|Kelly Sutherland
2025021215,Kelly Sutherland|Carter Sandlak
2025021220,Graham Skilliter|Pierre Lambert
2025021226,Cody Beach|Trevor Hanson
2025021228,Corey Syvret|Pierre Lambert
2025021241,Kyle Rehman|Brandon Schrader
2025021245,Garrett Rank|Kendrick Nicholson
2025021246,Francis Charron|Cody Beach
2025021256,Kyle Rehman|Ben Betker
2025021274,Francis Charron|Cody Beach
2025021276,Chris Rooney|Furman South
2025021296,Kelly Sutherland|Carter Sandlak
2025021305,Pierre Lambert|Carter Sandlak
2024020022,Kyle Rehman|Graham Skilliter
2024020023,Jean Hebert|Peter MacDougall
2024020042,Dan O'Rourke|Tom Chmielewski
2024020059,Furman South|Ghislain Hebert
2024020062,Graham Skilliter|Stephen Hiff
2024020064,Wes McCauley|Francis Charron
2024020095,Gord Dwyer|Riley Brace
2024020100,Ghislain Hebert|Carter Sandlak
2024020101,Wes McCauley|Justin Kea
2024020107,Michael Markovic|Steve Kozari
2024020109,Kyle Rehman|Justin Kea
2024020113,Chris Rooney|Thomas John Luxmore
2024020114,Graham Skilliter|Brandon Schrader
2024020125,Kyle Rehman|Frederick L'Ecuyer
2024020172,Chris Rooney|Mitch Dunning
2024020180,Jean Hebert|Brandon Blandina
2024020184,Francis Charron|Jordan Samuels-Thomas
2024020189,Jon McIsaac|Jean Hebert
2024020191,Francis Charron|Kendrick Nicholson
2024020193,Kyle Rehman|Tom Chmielewski
2024020205,Kelly Sutherland|Michael Markovic
2024020221,Wes McCauley|Brian Pochmara
2024020230,Eric Furlatt|Cody Beach
2024020231,Wes McCauley|Brandon Blandina
2024020232,Kyle Rehman|Jake Brenk
2024020233,Jean Hebert|Corey Syvret
2024020237,Kyle Rehman|Tom Chmielewski
2024020239,Kelly Sutherland|Justin Kea
2024020240,Dan O'Rourke|Furman South
2024020249,Corey Syvret|Chris Lee
2024020251,Wes McCauley|Gord Dwyer
2024020253,Dan O'Rourke|Morgan MacPhee
2024020260,Kendrick Nicholson|Michael Markovic
2024020261,Jean Hebert|Eric Furlatt
2024020267,Francis Charron|Beau Halkidis
2024020269,Pierre Lambert|Chris Lee
2024020271,Graham Skilliter|Cody Beach
2024020278,Eric Furlatt|Beau Halkidis
2024020294,Ghislain Hebert|Mike Sullivan
2024020310,Francis Charron|Beau Halkidis
2024020312,Kelly Sutherland|Jake Brenk
2024020324,Peter MacDougall|Justin Kea
2024020344,Tom Chmielewski|Brandon Schrader
2024020368,Carter Sandlak|Brandon Blandina
2024020377,Dan O'Rourke|Jean Hebert
2024020379,Frederick L'Ecuyer|Jake Brenk
2024020388,Mitch Dunning|Kendrick Nicholson
2024020390,Gord Dwyer|Carter Sandlak
2024020404,Dan O'Rourke|Cody Beach
2024020406,Chris Rooney|Kyle Rehman
2024020417,Graham Skilliter|Riley Brace
2024020418,Dan O'Rourke|Kendrick Nicholson
2024020419,Francis Charron|Corey Syvret
2024020427,Jake Brenk|Brandon Blandina
2024020443,Francis Charron|Francois St-Laurent
2024020465,Francois St-Laurent|Beau Halkidis
2024020466,Jon McIsaac|Jean Hebert
2024020470,Gord Dwyer|Peter MacDougall
2024020485,Peter MacDougall|Steve Kozari
2024020486,Kelly Sutherland|Gord Dwyer
2024020497,Chris Schlenker|Pierre Lambert
2024020504,Francis Charron|Brandon Blandina
2024020506,Frederick L'Ecuyer|Carter Sandlak
2024020517,Chris Schlenker|Francis Charron
2024020518,Mitch Dunning|Graham Skilliter
2024020519,Kyle Rehman|Carter Sandlak
2024020527,Cody Beach|Steve Kozari
2024020543,Trevor Hanson|Tom Chmielewski
2024020565,Chris Lee|Brandon Schrader
2024020566,Wes McCauley|Michael Markovic
2024020570,Pierre Lambert|Eric Furlatt
2024020585,Chris Schlenker|Garrett Rank
2024020586,Wes McCauley|Francois St-Laurent
2024020597,Brian Pochmara|Jake Brenk
2024020604,Frederick L'Ecuyer|Michael Markovic
2024020606,Gord Dwyer|Eric Furlatt
2024020617,Furman South|Chris Lee
2024020618,Pierre Lambert|Carter Sandlak
2024020619,Dan O'Rourke|Mitch Dunning
2024020627,Pierre Lambert|Carter Sandlak
2024020029,Kelly Sutherland|Thomas John Luxmore
2024020643,Francis Charron|Ghislain Hebert
2024020665,Dan O'Rourke|Frederick L'Ecuyer
2024020666,Francis Charron|Brandon Schrader
2024020670,Kendrick Nicholson|Peter MacDougall
2024020685,Thomas John Luxmore|Peter MacDougall
2024020686,Tom Chmielewski|Ghislain Hebert
2024020697,Francois St-Laurent|Kelly Sutherland
2024020715,Gord Dwyer|Mike Sullivan
2024020720,Corey Syvret|Pierre Lambert
2024020726,Eric Furlatt|Cody Beach
2024020728,Brian Pochmara|Brandon Blandina
2024020741,Jon McIsaac|Justin Kea
2024020745,Cody Beach|Peter MacDougall
2024020746,Pierre Lambert|Carter Sandlak
2024020756,Graham Skilliter|Chris Lee
2024020774,Kelly Sutherland|Ghislain Hebert
2024020776,Dan O'Rourke|Justin Kea
2024020796,Mitch Dunning|Thomas John Luxmore
2024020804,Francois St-Laurent|Peter MacDougall
2024020806,Francis Charron|Cody Beach
2024020817,Brian Pochmara|Mike Sullivan
2024020818,Tom Chmielewski|Peter MacDougall
2024020819,Graham Skilliter|Cody Beach
2024020827,Chris Rooney|Chris Lee
2024020843,Pierre Lambert|Graedy Hamilton
2024020865,Brian Pochmara|Gord Dwyer
2024020866,Francis Charron|Justin Kea
2024020870,Furman South|Jake Brenk
2024020885,Dan O'Rourke|Jordan Samuels-Thomas
2024020886,Francis Charron|Carter Sandlak
2024020897,Kelly Sutherland|Beau Halkidis
2024020915,Garrett Rank|Justin Kea
2024020920,Furman South|Brian Pochmara
2024020926,Chris Schlenker|Cody Beach
2024020928,Jean Hebert|Justin Kea
2024020941,Francois St-Laurent|Ghislain Hebert
2024020945,Kyle Rehman|Carter Sandlak
2024020946,Francois St-Laurent|Ghislain Hebert
2024020956,Dan O'Rourke|Graham Skilliter
2024020974,Ghislain Hebert|Riley Brace
2024020976,Kyle Rehman|Jean Hebert
2024020996,Tom Chmielewski|Brandon Schrader
2024021004,Kelly Sutherland|Pierre Lambert
2024021006,Frederick L'Ecuyer|Jake Brenk
2024021017,Jon McIsaac|Jordan Samuels-Thomas
2024021018,Chris Rooney|Carter Sandlak
2024021019,Graham Skilliter|Brandon Blandina
2024021027,Jon McIsaac|Kelly Sutherland
2024021043,Wes McCauley|Brian Pochmara
2024021065,Kendrick Nicholson|Justin Kea
2024021066,Jean Hebert|Brandon Blandina
2024021070,Francis Charron|Brandon Schrader
2024021085,Chris Schlenker|Graham Skilliter
2024021086,Dan O'Rourke|Beau Halkidis
2024021097,Kyle Rehman|Mitch Dunning
2024021104,Wes McCauley|Thomas John Luxmore
2024021106,Trevor Hanson|Mitch Dunning
2024021117,Chris Schlenker|Francis Charron
2024021118,Trevor Hanson|Mitch Dunning
2024021119,Kendrick Nicholson|Mike Sullivan
2024021127,Trevor Hanson|Mitch Dunning
2024021143,Jake Brenk|Stephen Hiff
2024021165,Chris Schlenker|Francois St-Laurent
2024021166,Kelly Sutherland|Gord Dwyer
2024021170,Jean Hebert|Kendrick Nicholson
2024021185,Jean Hebert|Mitch Dunning
2024021186,Kelly Sutherland|Brandon Blandina
2024021197,Thomas John Luxmore|Jake Brenk
2024021204,Chris Lee|Michael Markovic
2024021206,Brian Pochmara|Kendrick Nicholson
2024021217,Chris Rooney|Francis Charron
2024021218,Chris Schlenker|Garrett Rank
2024021219,Kelly Sutherland|Furman South
2024021227,Chris Schlenker|Graedy Hamilton
2024021243,Kendrick Nicholson|Peter MacDougall
2024021265,Francois St-Laurent|Dan O'Rourke
2024021270,Jon McIsaac|Brian Pochmara
2024021266,Furman South|Frederick L'Ecuyer
2024021285,Francis Charron|Graham Skilliter
2024021286,Jon McIsaac|Eric Furlatt
2024021297,Chris Rooney|Gord Dwyer
2024021304,Gord Dwyer|Michael Markovic
2024021306,Kyle Rehman|Mitch Dunning
2023020010,Francis Charron|Furman South
2023020012,Jean Hebert|Peter MacDougall
2023020024,Ghislain Hebert|Michael Markovic
2023020044,Tom Chmielewski|Ghislain Hebert
2023020068,Francois St-Laurent|Ghislain Hebert
2023020077,Trevor Hanson|Steve Kozari
2023020079,Francis Charron|Cody Beach
2023020088,Furman South|Chris Lee
2023020090,Francois St-Laurent|Corey Syvret
2023020106,Chris Lee|Brandon Blandina
2023020104,Chris Rooney|Corey Syvret
2023020117,Wes McCauley|Peter MacDougall
2023020118,Furman South|Chris Lee
2023020119,Frederick L'Ecuyer|Jake Brenk
2023020127,Jake Brenk|Steve Kozari
2023020143,Tom Chmielewski|Chris Lee
2023020165,Ghislain Hebert|Pierre Lambert
2023020166,Thomas John Luxmore|Steve Kozari
2023020170,Trevor Hanson|Kevin Pollock
2023020185,Ghislain Hebert|Corey Syvret
2023020186,Chris Schlenker|Kelly Sutherland
2023020197,Chris Rooney|Jordan Samuels-Thomas
2023020210,Francois St-Laurent|Pierre Lambert
2023020212,Chris Rooney|Chris Lee
2023020224,Corey Syvret|Jake Brenk
2023020244,Ghislain Hebert|Brandon Schrader
2023020268,Gord Dwyer|Brandon Schrader
2023020277,Chris Rooney|Pierre Lambert
2023020279,Jean Hebert|Eric Furlatt
2023020288,Dan O'Rourke|Cody Beach
2023020290,Steve Kozari|Justin Kea
2023020322,Chris Lee|Kendrick Nicholson
2023020323,Garrett Rank|Mitch Dunning
2023020329,Frederick L'Ecuyer|Kevin Pollock
2023020342,Garrett Rank|Mitch Dunning
2023020359,Kendrick Nicholson|Pierre Lambert
2023020362,Kevin Pollock|Brandon Blandina
2023020364,Trevor Hanson|Corey Syvret
2023020395,Chris Schlenker|Trevor Hanson
2023020405,Brian Pochmara|Brandon Blandina
2023020421,Graham Skilliter|Kevin Pollock
2023020430,Chris Rooney|Michael Markovic
2023020431,Thomas John Luxmore|Brandon Schrader
2023020432,Jean Hebert|Justin Kea
2023020433,Garrett Rank|Jake Brenk
2023020437,Kendrick Nicholson|Kevin Pollock
2023020439,Brian Pochmara|Brandon Blandina
2023020440,Steve Kozari|Cody Beach
2023020449,Garrett Rank|Jake Brenk
2023020451,Wes McCauley|Michael Markovic
2023020453,Brian Pochmara|Tom Chmielewski
2023020460,Kelly Sutherland|Furman South
2023020461,Frederick L'Ecuyer|Carter Sandlak
2023020467,Ghislain Hebert|Brandon Blandina
2023020469,Thomas John Luxmore|Brandon Schrader
2023020471,Chris Schlenker|Graham Skilliter
2023020478,Trevor Hanson|Corey Syvret
2023020494,Frederick L'Ecuyer|Corey Syvret
2023020510,Garrett Rank|Ghislain Hebert
2023020512,Tom Chmielewski|Chris Lee
2023020524,Mitch Dunning|Pierre Lambert
2023020544,Steve Kozari|Jordan Samuels-Thomas
2023020568,Kelly Sutherland|Kendrick Nicholson
2023020577,Garrett Rank|Ghislain Hebert
2023020579,Chris Rooney|Frederick L'Ecuyer
2023020588,Jon McIsaac|Furman South
2023020590,Graham Skilliter|Beau Halkidis
2023020602,Eric Furlatt|Kevin Pollock
2023020611,Eric Furlatt|Cody Beach
2023020608,Trevor Hanson|Corey Syvret
2023020616,Garrett Rank|Thomas John Luxmore
2023020635,Frederick L'Ecuyer|Brandon Schrader
2023020638,Francis Charron|Kelly Sutherland
2023020647,Kyle Rehman|Trevor Hanson
2023020648,Wes McCauley|Mitch Dunning
2023020654,Peter MacDougall|Jordan Samuels-Thomas
2023020657,Francois St-Laurent|Kevin Pollock
2023020658,Chris Schlenker|Justin Kea
2023020673,Chris Schlenker|Chris Rooney
2023020675,Garrett Rank|Brian Pochmara
2023020681,Chris Schlenker|Wes McCauley
2023020682,Francis Charron|Kevin Pollock
2023020687,Thomas John Luxmore|Cody Beach
2023020703,Jon McIsaac|Cody Beach
2023020734,Chris Rooney|Morgan MacPhee
2023020736,Francis Charron|Pierre Lambert
2023020750,Wes McCauley|Thomas John Luxmore
2023020752,Garrett Rank|Ghislain Hebert
2023020755,Kelly Sutherland|Eric Furlatt
2023020763,Frederick L'Ecuyer|Carter Sandlak
2023020783,Wes McCauley|Brian Pochmara
2023020792,Mitch Dunning|Eric Furlatt
2023020799,Jon McIsaac|Furman South
2023020798,Jake Brenk|Steve Kozari
2023020803,Thomas John Luxmore|Corey Syvret
2023020834,Frederick L'Ecuyer|Graham Skilliter
2023020836,Kevin Pollock|Brandon Blandina
2023020850,Wes McCauley|Garrett Rank
2023020852,Jon McIsaac|Beau Halkidis
2023020855,Chris Lee|Pierre Lambert
2023020863,Kelly Sutherland|Jake Brenk
2023020883,Wes McCauley|Furman South
2023020892,Kelly Sutherland|Justin Kea
2023020898,Wes McCauley|Furman South
2023020899,Trevor Hanson|Jake Brenk
2023020915,Wes McCauley|Beau Halkidis
2023020920,Chris Rooney|Thomas John Luxmore
2023020926,Frederick L'Ecuyer|Brandon Blandina
2023020928,Thomas John Luxmore|Michael Markovic
2023020941,Chris Rooney|Jake Brenk
2023020945,Francois St-Laurent|Thomas John Luxmore
2023020946,Kendrick Nicholson|Morgan MacPhee
2023020956,Tom Chmielewski|Jake Brenk
2023020974,Francis Charron|Steve Kozari
2023020976,Wes McCauley|Peter MacDougall
2023020996,Ghislain Hebert|Brandon Schrader
2023021004,Thomas John Luxmore|Morgan MacPhee
2023021006,Dan O'Rourke|Eric Furlatt
2023021017,Francois St-Laurent|Brandon Blandina
2023021018,Carter Sandlak|Kendrick Nicholson
2023021019,Furman South|Thomas John Luxmore
2023021027,Francois St-Laurent|Peter MacDougall
2023021043,Graham Skilliter|Pierre Lambert
2023021065,Corey Syvret|Morgan MacPhee
2023021066,Mitch Dunning|Pierre Lambert
2023021070,Wes McCauley|Jake Brenk
2023021085,Brandon Schrader|Steve Kozari
2023021086,Francis Charron|Brandon Blandina
2023021097,Francois St-Laurent|Ghislain Hebert
2023021105,Trevor Hanson|Jordan Samuels-Thomas
2023021121,Garrett Rank|Gord Dwyer
2023021130,Chris Schlenker|Wes McCauley
2023021131,Francis Charron|Trevor Hanson
2023021132,Tom Chmielewski|Brandon Blandina
2023021133,Garrett Rank|Corey Syvret
2023021137,Eric Furlatt|Michael Markovic
2023021140,Frederick L'Ecuyer|Mitch Dunning
2023021139,Jean Hebert|Brandon Schrader
2023021149,Thomas John Luxmore|Kendrick Nicholson
2023021151,Chris Rooney|Kendrick Nicholson
2023021153,Jean Hebert|Justin Kea
2023021160,Kyle Rehman|Kelly Sutherland
2023021161,Francis Charron|Cody Beach
2023021167,Jon McIsaac|Kyle Rehman
2023021169,Furman South|Chris Lee
2023021171,Wes McCauley|Brandon Schrader
2023021178,Dan O'Rourke|Graham Skilliter
2023021194,Francois St-Laurent|Tom Chmielewski
2023021203,Francis Charron|Tom Chmielewski
2023021234,Dan O'Rourke|Furman South
2023021236,Tom Chmielewski|Eric Furlatt
2023021250,Frederick L'Ecuyer|Morgan MacPhee
2023021252,Dan O'Rourke|Corey Syvret
2023021255,Francis Charron|Kyle Rehman
2023021263,Chris Schlenker|Stephen Hiff
2023021283,Dan O'Rourke|Kelly Sutherland
2023021292,Michael Markovic|Brandon Blandina
2023021298,Jon McIsaac|Chris Rooney
2023021299,Kelly Sutherland|Eric Furlatt
2023021302,Chris Schlenker|Ghislain Hebert
2023021308,Ghislain Hebert|Peter MacDougall
2023021311,Carter Sandlak|Brandon Schrader
2025020004,Furman South|Trevor Hanson
2025020006,Francis Charron|Brian Pochmara
2025020017,Brian Pochmara|Jordan Samuels-Thomas
2025020018,Jean Hebert|Graham Skilliter
2025020019,Francis Charron|Tom Chmielewski
2025020027,Jake Brenk|Carter Sandlak
2025020043,Cody Beach|Kendrick Nicholson
2025020066,Frederick L'Ecuyer|Brandon Schrader
2025020065,Thomas John Luxmore|Mike Sullivan
2025020070,Kyle Rehman|Jake Brenk
2025020085,Wes McCauley|Corey Syvret
2025020086,Chris Schlenker|Jordan Samuels-Thomas
2025020097,Tom Chmielewski|Jake Brenk
2025020105,Wes McCauley|Gord Dwyer
2025020121,Cody Beach|Tom Chmielewski
2025020132,Chris Schlenker|Jake Brenk
2025020130,Mitch Dunning|Eric Furlatt
2025020131,Tom Chmielewski|Justin Kea
2025020133,Francis Charron|Alex Lepkowski
2025020137,Dan O'Rourke|Carter Sandlak
2025020139,Wes McCauley|Graedy Hamilton
2025020140,Kendrick Nicholson|Brandon Blandina
2025020149,Chris Schlenker|Jake Brenk
2025020151,Jake Brenk|Eric Furlatt
2025020153,Dan O'Rourke|Mitch Dunning
2025020160,Tom Chmielewski|Jordan Samuels-Thomas
2025020161,Trevor Hanson|Stephen Hiff
2025020167,Chris Lee|Beau Halkidis
2025020169,Dan O'Rourke|Carter Sandlak
2025020171,Frederick L'Ecuyer|Michael Markovic
2025020178,Kyle Rehman|Brandon Schrader
2025020194,Chris Schlenker|Trevor Hanson
2025020205,Wes McCauley|Justin Kea
2025020221,Jake Brenk|Brandon Blandina
2025020230,Cody Beach|Chris Lee
2025020231,Garrett Rank|Brandon Schrader
2025020232,Justin Kea|Peter MacDougall
2025020233,Graham Skilliter|Mike Sullivan
2025020237,Jon McIsaac|Riley Brace
2025020239,Chris Schlenker|Gord Dwyer
2025020240,Frederick L'Ecuyer|Michael Markovic
2025020249,Chris Schlenker|Mitch Dunning
2025020251,Kelly Sutherland|Corey Syvret
2025020253,Furman South|Brandon Schrader
2025020260,Jon McIsaac|Beau Halkidis
2025020261,Garrett Rank|Mitch Dunning
2025020267,Kelly Sutherland|Jordan Samuels-Thomas
2025020269,Kendrick Nicholson|Brandon Blandina
2025020271,Francois St-Laurent|Michael Markovic
2025020278,Francis Charron|Mitch Dunning
2025020294,Chris Schlenker|Furman South
2025020310,Gord Dwyer|Stephen Hiff
2025020312,Kelly Sutherland|Beau Halkidis
2025020324,Jon McIsaac|Mike Sullivan
2025020344,Cody Beach|Trevor Hanson
2025020368,Jon McIsaac|Mitch Dunning
2025020377,Chris Schlenker|Justin Kea
2025020379,Mitch Dunning|Peter MacDougall
2025020388,Furman South|Brandon Blandina
2025020390,Gord Dwyer|Stephen Hiff
2025020422,Jean Hebert|Mike Sullivan
2025020423,Chris Schlenker|Francois St-Laurent
2025020429,Francis Charron|Brandon Blandina
2025020442,Francis Charron|Brandon Schrader
2025020459,Trevor Hanson|Jordan Samuels-Thomas
2025020462,Wes McCauley|Frederick L'Ecuyer
2025020464,Chris Schlenker|Eric Furlatt
2025020495,Kendrick Nicholson|Brandon Blandina
2025020505,Trevor Hanson|Morgan MacPhee
2025020521,Furman South|Pierre Lambert
2025020530,Francis Charron|Mike Sullivan
2025020531,Kyle Rehman|Jordan Samuels-Thomas
2025020532,Gord Dwyer|Eric Furlatt
2025020533,Cody Beach|Chris Lee
2025020537,Pierre Lambert|Beau Halkidis
2025020539,Jake Brenk|Brandon Schrader
2025020540,Wes McCauley|Mike Sullivan
2025020549,Wes McCauley|Jake Brenk
2025020551,Thomas John Luxmore|Beau Halkidis
2025020553,Furman South|Brandon Schrader
2025020560,Graham Skilliter|Carter Sandlak
2025020561,Francois St-Laurent|Cody Beach
2025020567,Jon McIsaac|Justin Kea
2025020569,Francois St-Laurent|Carter Sandlak
2025020571,Thomas John Luxmore|Michael Markovic
2025020578,Eric Furlatt|Brandon Schrader
2025020594,Pierre Lambert|Peter MacDougall
2025020604,Corey Syvret|Jake Brenk
2025020606,Frederick L'Ecuyer|Stephen Hiff
2025020617,Frederick L'Ecuyer|Stephen Hiff
2025020618,Cody Beach|Kendrick Nicholson
2025020619,Corey Syvret|Brandon Blandina
2025020627,Jake Brenk|Alex Lepkowski
2025020643,Furman South|Graham Skilliter
2025020665,Kelly Sutherland|Tom Chmielewski
2025020666,Chris Schlenker|Kyle Rehman
2025020670,Frederick L'Ecuyer|Michael Markovic
2025020685,Michael Markovic|Peter MacDougall
2025020686,Jon McIsaac|Morgan MacPhee
2025020697,Furman South|Graham Skilliter
2025020705,Dan O'Rourke|Liam Maaskant
2025020721,Garrett Rank|Cody Beach
2025020730,Cody Beach|Chris Lee
2025020731,Garrett Rank|Mike Sullivan
2025020732,Kendrick Nicholson|Brandon Blandina
2025020733,Gord Dwyer|Beau Halkidis
2025020737,Francois St-Laurent|Justin Kea
2025020740,Jon McIsaac|Alex Lepkowski
2025020739,Dan O'Rourke|Justin Kea
2025020749,Chris Schlenker|Frederick L'Ecuyer
2025020751,Francois St-Laurent|Mike Sullivan
2025020753,Garrett Rank|Stephen Hiff
2025020760,Jon McIsaac|Kendrick Nicholson
2025020761,Furman South|Eric Furlatt
2025020767,Chris Schlenker|Trevor Hanson
2025020769,Kyle Rehman|Cody Beach
2025020771,Chris Schlenker|Gord Dwyer
2025020778,Chris Lee|Alex Lepkowski
2025020794,Jake Brenk|Eric Furlatt
2025020803,Kendrick Nicholson|Morgan MacPhee
2025020834,Jean Hebert|Chris Lee
2025020836,Gord Dwyer|Stephen Hiff
2025020850,Furman South|Eric Furlatt
2025020852,Jake Brenk|Liam Maaskant
2025020855,Trevor Hanson|Jordan Samuels-Thomas
2025020863,Cody Beach|Carter Sandlak
2025020883,Graham Skilliter|Morgan MacPhee
2025020892,Kyle Rehman|Beau Halkidis
2025020898,Frederick L'Ecuyer|Graedy Hamilton
2025020899,Chris Schlenker|Chris Lee
2025020906,Francis Charron|Mitch Dunning
2025020904,Garrett Rank|Thomas John Luxmore
2025020917,Corey Syvret|Chris Lee
2025020918,Jon McIsaac|Morgan MacPhee
2025020919,Thomas John Luxmore|Eric Furlatt
2025020927,Trevor Hanson|Justin Kea
2025020943,Tom Chmielewski|Brandon Schrader
2025020965,Francis Charron|Cody Beach
2025020966,Chris Schlenker|Trevor Hanson
2025020970,Gord Dwyer|Eric Furlatt
2025020985,Wes McCauley|Stephen Hiff
2025020986,Kyle Rehman|Brandon Schrader
2025020997,Trevor Hanson|Tom Chmielewski
2025021005,Chris Rooney|Kendrick Nicholson
2025021021,Thomas John Luxmore|Brandon Blandina
2025021030,Francois St-Laurent|Kendrick Nicholson
2025021031,Cody Beach|Michael Markovic
2025021032,Eric Furlatt|Mike Sullivan
2025021033,Jon McIsaac|Brian Pochmara
2025021037,Kyle Rehman|Carter Sandlak
2025021039,Chris Rooney|Jordan Samuels-Thomas
2025021040,Trevor Hanson|Beau Halkidis
2025021049,Brian Pochmara|Michael Markovic
2025021051,Garrett Rank|Alex Lepkowski
2025021053,Pierre Lambert|Graedy Hamilton
2025021060,Tom Chmielewski|Chris Lee
2025021061,Chris Schlenker|Cody Beach
2025021067,Chris Rooney|Trevor Hanson
2025021069,Wes McCauley|Furman South
2025021071,Brandon Schrader
2025021078,Garrett Rank|Frederick L'Ecuyer
2025021094,Wes McCauley|Pierre Lambert
2025021100,Thomas John Luxmore|Chris Lee
2025021101,Francois St-Laurent|Mike Sullivan
2025021107,Eric Furlatt|Jordan Samuels-Thomas
2025021109,Mitch Dunning|Corey Syvret
2025021113,Tom Chmielewski|Thomas John Luxmore
2025021114,Frederick L'Ecuyer|Carter Sandlak
2025021125,Frederick L'Ecuyer|Liam Maaskant
2025021172,Brian Pochmara|Jordan Samuels-Thomas
2025021180,Jean Hebert|Brandon Blandina
2025021184,Kelly Sutherland|Carter Sandlak
2025021189,Graham Skilliter|Pierre Lambert
2025021191,Chris Rooney|Frederick L'Ecuyer
2025021193,Gord Dwyer|Brandon Blandina
2025021203,Jon McIsaac|Thomas John Luxmore
2025021234,Chris Schlenker|Trevor Hanson
2025021236,Francois St-Laurent|Michael Markovic
2025021252,Francois St-Laurent|Furman South
2025021250,Gord Dwyer|Brandon Blandina
2025021255,Carter Sandlak|Stephen Hiff
2025021263,Frederick L'Ecuyer|Carter Sandlak
2025021283,Garrett Rank|Liam Maaskant
2025021292,Mitch Dunning|Justin Kea
2025021298,Cody Beach|Graedy Hamilton
2025021299,Gord Dwyer|Michael Markovic
2025021310,Kyle Rehman|Graham Skilliter
2025021312,Chris Schlenker|Jordan Samuels-Thomas
2024020002,Ghislain Hebert|Chris Lee
2024020008,Kyle Rehman|Mitch Dunning
2024020011,Wes McCauley|Michael Markovic
2024020016,Brian Pochmara|Carter Sandlak
2024020035,Kendrick Nicholson|Cody Beach
2024020038,Garrett Rank|Corey Syvret
2024020047,Frederick L'Ecuyer|Thomas John Luxmore
2024020048,Chris Rooney|Brian Pochmara
2024020054,Thomas John Luxmore|Chris Lee
2024020057,Trevor Hanson|Cody Beach
2024020058,Gord Dwyer|Mitch Dunning
2024020073,Pierre Lambert|Peter MacDougall
2024020075,Francois St-Laurent|Graham Skilliter
2024020081,Jake Brenk|Morgan MacPhee
2024020082,Kelly Sutherland|Justin Kea
2024020087,Kyle Rehman|Michael Markovic
2024020106,Jon McIsaac|Graham Skilliter
2024020104,Trevor Hanson|Tom Chmielewski
2024020117,Trevor Hanson|Corey Syvret
2024020118,Kelly Sutherland|Mitch Dunning
2024020119,Francis Charron|Garrett Rank
2024020127,Jake Brenk|Peter MacDougall
2024020143,Trevor Hanson|Cody Beach
2024020165,Frederick L'Ecuyer|Graedy Hamilton
2024020166,Chris Rooney|Dan O'Rourke
2024020170,Pierre Lambert|Justin Kea
2024020185,Thomas John Luxmore|Peter MacDougall
2024020186,Furman South|Chris Lee
2024020197,Kelly Sutherland|Brandon Blandina
2024020212,Francis Charron|Michael Markovic
2024020210,Jon McIsaac|Pierre Lambert
2024020224,Furman South|Michael Markovic
2024020244,Graham Skilliter|Jordan Samuels-Thomas
2024020268,Tom Chmielewski|Brandon Blandina
2024020277,Dan O'Rourke|Ghislain Hebert
2024020279,Francis Charron|Justin Kea
2024020288,Francis Charron|Eric Furlatt
2024020290,Jon McIsaac|Pierre Lambert
2024020305,Trevor Hanson|Graedy Hamilton
2024020321,Gord Dwyer|Kendrick Nicholson
2024020330,Brian Pochmara|Jake Brenk
2024020331,Garrett Rank|Morgan MacPhee
2024020332,Graham Skilliter|Cody Beach
2024020333,Jon McIsaac|Trevor Hanson
2024020337,Pierre Lambert|Michael Markovic
2024020339,Dan O'Rourke|Kendrick Nicholson
2024020340,Jon McIsaac|Trevor Hanson
2024020349,Thomas John Luxmore|Beau Halkidis
2024020351,Jean Hebert|Justin Kea
2024020353,Chris Lee|Kendrick Nicholson
2024020360,Graham Skilliter|Graedy Hamilton
2024020361,Corey Syvret|Brandon Schrader
2024020367,Frederick L'Ecuyer|Justin Kea
2024020369,Ghislain Hebert|Michael Markovic
2024020371,Kyle Rehman|Corey Syvret
2024020378,Thomas John Luxmore|Justin Kea
2024020394,Eric Furlatt|Steve Kozari
2024020400,Jake Brenk|Carter Sandlak
2024020401,Francis Charron|Francois St-Laurent
2024020407,Kelly Sutherland|Thomas John Luxmore
2024020409,Furman South|Jean Hebert
2024020413,Brian Pochmara|Cody Beach
2024020414,Garrett Rank|Carter Sandlak
2024020425,Ghislain Hebert|Brandon Schrader
2024020472,Chris Rooney|Graham Skilliter
2024020480,Mitch Dunning|Thomas John Luxmore
2024020484,Eric Furlatt|Jordan Samuels-Thomas
2024020489,Dan O'Rourke|Ghislain Hebert
2024020491,Furman South|Jean Hebert
2024020493,Wes McCauley|Kendrick Nicholson
2024020500,Garrett Rank|Francois St-Laurent
2024020501,Wes McCauley|Trevor Hanson
2024020507,Thomas John Luxmore|Michael Markovic
2024020509,Jon McIsaac|Kelly Sutherland
2024020514,Gord Dwyer|Thomas John Luxmore
2024020513,Chris Lee|Peter MacDougall
2024020525,Eric Furlatt|Brandon Schrader
2024020572,Jean Hebert|Corey Syvret
2024020580,Corey Syvret|Michael Markovic
2024020584,Tom Chmielewski|Brandon Schrader
2024020589,Francis Charron|Furman South
2024020591,Garrett Rank|Dan O'Rourke
2024020593,Gord Dwyer|Eric Furlatt
2024020600,Mitch Dunning|Ghislain Hebert
2024020601,Chris Schlenker|Peter MacDougall
2024020607,Francis Charron|Francois St-Laurent
2024020609,Chris Schlenker|Graham Skilliter
2024020613,Dan O'Rourke|Peter MacDougall
2024020614,Garrett Rank|Justin Kea
2024020625,Chris Rooney|Riley Brace
2024020672,Garrett Rank|Thomas John Luxmore
2024020680,Graham Skilliter|Graedy Hamilton
2024020684,Francois St-Laurent|Riley Brace
2024020689,Trevor Hanson|Jordan Samuels-Thomas
2024020691,Kyle Rehman|Cody Beach
2024020693,Carter Sandlak|Peter MacDougall
2024020703,Corey Syvret|Graham Skilliter
2024020734,Jon McIsaac|Jordan Samuels-Thomas
2024020736,Chris Schlenker|Graham Skilliter
2024020750,Gord Dwyer|Cody Beach
2024020752,Ghislain Hebert|Eric Furlatt
2024020755,Wes McCauley|Tom Chmielewski
2024020763,Francis Charron|Mitch Dunning
2024020783,Jon McIsaac|Carter Sandlak
2024020792,Kelly Sutherland|Kendrick Nicholson
2024020798,Trevor Hanson|Frederick L'Ecuyer
2024020799,Furman South|Kendrick Nicholson
2024020800,Garrett Rank|Dan O'Rourke
2024020801,Kyle Rehman|Corey Syvret
2024020807,Dan O'Rourke|Justin Kea
2024020809,Gord Dwyer|Brandon Blandina
2024020813,Garrett Rank|Morgan MacPhee
2024020814,Eric Furlatt|Chris Lee
2024020825,Pierre Lambert|Brandon Schrader
2024020872,Chris Lee|Stephen Hiff
2024020880,Jean Hebert|Brandon Blandina
2024020884,Chris Schlenker|Graham Skilliter
2024020889,Tom Chmielewski|Brandon Schrader
2024020891,Ghislain Hebert|Eric Furlatt
2024020893,Dan O'Rourke|Eric Furlatt
2024020903,Kyle Rehman|Corey Syvret
2024020934,Brian Pochmara|Peter MacDougall
2024020936,Kelly Sutherland|Pierre Lambert
2024020950,Frederick L'Ecuyer|Michael Markovic
2024020952,Garrett Rank|Tom Chmielewski
2024020955,Gord Dwyer|Brandon Blandina
2024020963,Michael Markovic|Brandon Blandina
2024020983,Eric Furlatt|Chris Lee
2024020992,Kelly Sutherland|Frederick L'Ecuyer
2024020998,Jon McIsaac|Mitch Dunning
2024020999,Kendrick Nicholson|Michael Markovic
2024021000,Cody Beach|Peter MacDougall
2024021001,Trevor Hanson|Corey Syvret
2024021007,Gord Dwyer|Carter Sandlak
2024021009,Brian Pochmara|Justin Kea
2024021013,Furman South|Pierre Lambert
2024021014,Kelly Sutherland|Morgan MacPhee
2024021025,Pierre Lambert|Jake Brenk
2024021072,Graham Skilliter|Justin Kea
2024021080,Chris Lee|Mike Sullivan
2024021084,Pierre Lambert|Carter Sandlak
2024021089,Francois St-Laurent|Kendrick Nicholson
2024021091,Thomas John Luxmore|Stephen Hiff
2024021093,Chris Rooney|Justin Kea
2024021100,Jean Hebert|Graedy Hamilton
2024021101,Gord Dwyer|Beau Halkidis
2024021107,Brian Pochmara|Beau Halkidis
2024021109,Jean Hebert|Graedy Hamilton
2024021113,Frederick L'Ecuyer|Cody Beach
2024021114,Pierre Lambert|Brandon Blandina
2024021125,Furman South|Frederick L'Ecuyer
2024021172,Pierre Lambert|Graedy Hamilton
2024021180,Graham Skilliter|Cody Beach
2024021184,Thomas John Luxmore|Eric Furlatt
2024021189,Graham Skilliter|Cody Beach
2024021191,Chris Lee|Brandon Schrader
2024021193,Frederick L'Ecuyer|Brandon Blandina
2024021200,Dan O'Rourke|Corey Syvret
2024021201,Chris Schlenker|Morgan MacPhee
2024021207,Jon McIsaac|Beau Halkidis
2024021209,Jean Hebert|Mitch Dunning
2024021213,Trevor Hanson|Michael Markovic
2024021214,Jon McIsaac|Carter Sandlak
2024021225,Wes McCauley|Francois St-Laurent
2024021272,Corey Syvret|Chris Lee
2024021280,Michael Markovic|Brandon Schrader
2024021284,Kyle Rehman|Justin Kea
2024021289,Wes McCauley|Jean Hebert
2024021291,Brandon Schrader|Brandon Blandina
2024021293,Graham Skilliter|Carter Sandlak
2024021300,Kyle Rehman|Mitch Dunning
2024021301,Wes McCauley|Kendrick Nicholson
2024021307,Peter MacDougall|Liam Maaskant
2024021309,Cody Beach|Brandon Blandina
2023020005,Francis Charron|Kevin Pollock
2023020021,Garrett Rank|Peter MacDougall
2023020030,Kendrick Nicholson|Cody Beach
2023020031,Steve Kozari|Jordan Samuels-Thomas
2023020032,Gord Dwyer|Brandon Schrader
2023020033,Dan O'Rourke|Michael Markovic
2023020037,Kelly Sutherland|Beau Halkidis
2023020039,Brian Pochmara|Brandon Blandina
2023020040,Francois St-Laurent|Frederick L'Ecuyer
2023020049,Eric Furlatt|Morgan MacPhee
2023020051,Garrett Rank|Michael Markovic
2023020053,Chris Rooney|Dan O'Rourke
2023020060,Francis Charron|Jake Brenk
2023020061,Kyle Rehman|Jean Hebert
2023020067,Michael Markovic|Peter MacDougall
2023020069,Eric Furlatt|Beau Halkidis
2023020071,Kelly Sutherland|Justin Kea
2023020078,Chris Schlenker|Graham Skilliter
2023020094,Peter MacDougall|Justin Kea
2023020100,Thomas John Luxmore|Ghislain Hebert
2023020101,Brian Pochmara|Carter Sandlak
2023020107,Frederick L'Ecuyer|Graham Skilliter
2023020109,Eric Furlatt|Michael Markovic
2023020113,Chris Rooney|Beau Halkidis
2023020114,Thomas John Luxmore|Graham Skilliter
2023020125,Dan O'Rourke|Mitch Dunning
2023020172,Graham Skilliter|Cody Beach
2023020180,Jon McIsaac|Beau Halkidis
2023020184,Jean Hebert|Brandon Blandina
2023020189,Tom Chmielewski|Peter MacDougall
2023020191,Francois St-Laurent|Chris Lee
2023020193,Eric Furlatt|Justin Kea
2023020205,Garrett Rank|Mitch Dunning
2023020221,Trevor Hanson|Thomas John Luxmore
2023020230,Jean Hebert|Cody Beach
2023020231,Jake Brenk|Pierre Lambert
2023020232,Kelly Sutherland|Kevin Pollock
2023020233,Thomas John Luxmore|Graham Skilliter
2023020237,Trevor Hanson|Michael Markovic
2023020239,Dan O'Rourke|Steve Kozari
2023020240,Garrett Rank|Carter Sandlak
2023020249,Graham Skilliter|Jordan Samuels-Thomas
2023020251,Kyle Rehman|Kendrick Nicholson
2023020253,Chris Rooney|Beau Halkidis
2023020260,Furman South|Steve Kozari
2023020261,Francois St-Laurent|Kelly Sutherland
2023020267,Jon McIsaac|Kyle Rehman
2023020269,Francois St-Laurent|Brandon Blandina
2023020271,Chris Schlenker|Chris Rooney
2023020278,Garrett Rank|Steve Kozari
2023020294,Mitch Dunning|Eric Furlatt
2023020302,Ghislain Hebert|Morgan MacPhee
2023020308,Francis Charron|Jordan Samuels-Thomas
2023020311,Kelly Sutherland|Brian Pochmara
2023020316,Thomas John Luxmore|Brandon Schrader
2023020335,Michael Markovic|Peter MacDougall
2023020338,Dan O'Rourke|Thomas John Luxmore
2023020347,Ghislain Hebert|Beau Halkidis
2023020348,Kelly Sutherland|Jordan Samuels-Thomas
2023020354,Furman South|Mitch Dunning
2023020357,Francois St-Laurent|Michael Markovic
2023020358,Gord Dwyer|Thomas John Luxmore
2023020373,Jean Hebert|Chris Lee
2023020375,Ghislain Hebert|Pierre Lambert
2023020381,Brandon Schrader|Brandon Blandina
2023020382,Chris Schlenker|Trevor Hanson
2023020387,Wes McCauley|Thomas John Luxmore
2023020410,Gord Dwyer|Michael Markovic
2023020412,Francois St-Laurent|Brandon Blandina
2023020424,Garrett Rank|Ghislain Hebert
2023020444,Mitch Dunning|Pierre Lambert
2023020468,Wes McCauley|Justin Kea
2023020477,Frederick L'Ecuyer|Tom Chmielewski
2023020479,Francois St-Laurent|Kevin Pollock
2023020488,Wes McCauley|Morgan MacPhee
2023020490,Francois St-Laurent|Cody Beach
2023020505,Mitch Dunning|Kendrick Nicholson
2023020521,Jon McIsaac|Ghislain Hebert
2023020530,Jon McIsaac|Kevin Pollock
2023020531,Thomas John Luxmore|Carter Sandlak
2023020532,Garrett Rank|Mitch Dunning
2023020533,Francis Charron|Beau Halkidis
2023020537,Kyle Rehman|Brandon Schrader
2023020539,Chris Lee|Cody Beach
2023020540,Graham Skilliter|Jake Brenk
2023020549,Thomas John Luxmore|Ghislain Hebert
2023020551,Kyle Rehman|Tom Chmielewski
2023020553,Dan O'Rourke|Steve Kozari
2023020560,Peter MacDougall|Brandon Blandina
2023020561,Jean Hebert|Michael Markovic
2023020567,Garrett Rank|Corey Syvret
2023020569,Trevor Hanson|Morgan MacPhee
2023020571,Mitch Dunning|Jake Brenk
2023020578,Wes McCauley|Jean Hebert
2023020594,Francis Charron|Michael Markovic
2023020622,Trevor Hanson|Graham Skilliter
2023020623,Brian Pochmara|Peter MacDougall
2023020629,Graham Skilliter|Carter Sandlak
2023020642,Ghislain Hebert|Eric Furlatt
2023020659,Dan O'Rourke|Frederick L'Ecuyer
2023020662,Kelly Sutherland|Kendrick Nicholson
2023020664,Jean Hebert|Carter Sandlak
2023020695,Jake Brenk|Eric Furlatt
2023020715,Michael Markovic|Peter MacDougall
2023020720,Chris Rooney|Kevin Pollock
2023020726,Dan O'Rourke|Mitch Dunning
2023020728,Francis Charron|Corey Syvret
2023020741,Eric Furlatt|Beau Halkidis
2023020745,Chris Lee|Michael Markovic
2023020746,Carter Sandlak|Kendrick Nicholson
2023020756,Chris Rooney|Morgan MacPhee
2023020774,Kyle Rehman|Kevin Pollock
2023020776,Graham Skilliter|Peter MacDougall
2023020796,Jean Hebert|Brandon Schrader
2023020815,Francis Charron|Frederick L'Ecuyer
2023020820,Trevor Hanson|Tom Chmielewski
2023020826,Kyle Rehman|Carter Sandlak
2023020828,Garrett Rank|Pierre Lambert
2023020841,Dan O'Rourke|Carter Sandlak
2023020845,Ghislain Hebert|Pierre Lambert
2023020846,Jon McIsaac|Brian Pochmara
2023020856,Chris Rooney|Corey Syvret
2023020874,Chris Rooney|Francois St-Laurent
2023020876,Corey Syvret|Chris Lee
2023020896,Dan O'Rourke|Tom Chmielewski
2023020903,Thomas John Luxmore|Morgan MacPhee
2023020934,Jean Hebert|Ghislain Hebert
2023020936,Chris Schlenker|Tom Chmielewski
2023020950,Chris Schlenker|Graham Skilliter
2023020952,Frederick L'Ecuyer|Steve Kozari
2023020955,Frederick L'Ecuyer|Graham Skilliter
2023020963,Dan O'Rourke|Michael Markovic
2023020983,Mitch Dunning|Ghislain Hebert
2023020992,Chris Schlenker|Chris Rooney
2023020998,Trevor Hanson|Peter MacDougall
2023020999,Wes McCauley|Jordan Samuels-Thomas
2023021000,Brian Pochmara|Justin Kea
2023021001,Chris Rooney|Corey Syvret
2023021007,Kyle Rehman|Cody Beach
2023021009,Gord Dwyer|Peter MacDougall
2023021013,Jean Hebert|Ghislain Hebert
2023021014,Garrett Rank|Kelly Sutherland
2023021025,Gord Dwyer|Justin Kea
2023021072,Graham Skilliter|Michael Markovic
2023021080,Jake Brenk|Kendrick Nicholson
2023021084,Dan O'Rourke|Kelly Sutherland
2023021089,Chris Rooney|Chris Lee
2023021091,Francois St-Laurent|Carter Sandlak
2023021093,Trevor Hanson|Corey Syvret
2023021110,Kyle Rehman|Carter Sandlak
2023021112,Wes McCauley|Gord Dwyer
2023021124,Eric Furlatt|Morgan MacPhee
2023021144,Francis Charron|Cody Beach
2023021168,Francis Charron|Cody Beach
2023021177,Mitch Dunning|Ghislain Hebert
2023021179,Kelly Sutherland|Corey Syvret
2023021188,Kelly Sutherland|Carter Sandlak
2023021190,Frederick L'Ecuyer|Eric Furlatt
2023021215,Pierre Lambert|Jordan Samuels-Thomas
2023021220,Garrett Rank|Morgan MacPhee
2023021226,Frederick L'Ecuyer|Michael Markovic
2023021228,Wes McCauley|Ghislain Hebert
2023021241,Jon McIsaac|Brandon Schrader
2023021245,Jean Hebert|Carter Sandlak
2023021246,Gord Dwyer|Justin Kea
2023021256,Brandon Schrader|Peter MacDougall
2023021274,Wes McCauley|Kyle Rehman
2023021276,Ghislain Hebert|Riley Brace
2023021296,Furman South|Jake Brenk
2025020003,Frederick L'Ecuyer|Thomas John Luxmore
2025020034,Garrett Rank|Frederick L'Ecuyer
2025020036,Jean Hebert|Graham Skilliter
2025020050,Cody Beach|Brian Pochmara
2025020052,Francis Charron|Michael Markovic
2025020055,Kyle Rehman|Jordan Samuels-Thomas
2025020063,Mitch Dunning|Eric Furlatt
2025020083,Kelly Sutherland|Furman South
2025020092,Tom Chmielewski|Brandon Schrader
2025020098,Graham Skilliter|Beau Halkidis
2025020099,Jon McIsaac|Michael Markovic
2025020102,Dan O'Rourke|Liam Maaskant
2025020108,Kelly Sutherland|Jordan Samuels-Thomas
2025020111,Jon McIsaac|Francis Charron
2025020116,Peter MacDougall|Brandon Blandina
2025020135,Kelly Sutherland|Jordan Samuels-Thomas
2025020138,Cody Beach|Jean Hebert
2025020147,Wes McCauley|Trevor Hanson
2025020148,Chris Lee|Jordan Samuels-Thomas
2025020154,Kelly Sutherland|Pierre Lambert
2025020157,Gord Dwyer|Morgan MacPhee
2025020158,Frederick L'Ecuyer|Mike Sullivan
2025020173,Garrett Rank|Gord Dwyer
2025020175,Chris Schlenker|Peter MacDougall
2025020181,Dan O'Rourke|Alex Lepkowski
2025020182,Jon McIsaac|Riley Brace
2025020187,Thomas John Luxmore|Eric Furlatt
2025020202,Kyle Rehman|Jordan Samuels-Thomas
2025020208,Furman South|Trevor Hanson
2025020211,Chris Schlenker|Kyle Rehman
2025020216,Graham Skilliter|Michael Markovic
2025020235,Francis Charron|Thomas John Luxmore
2025020238,Wes McCauley|Liam Maaskant
2025020247,Kyle Rehman|Pierre Lambert
2025020248,Graham Skilliter|Beau Halkidis
2025020254,Tom Chmielewski|Jordan Samuels-Thomas
2025020257,Francois St-Laurent|Michael Markovic
2025020258,Kyle Rehman|Riley Brace
2025020273,Gord Dwyer|Graham Skilliter
2025020275,Jean Hebert|Riley Brace
2025020281,Trevor Hanson|Frederick L'Ecuyer
2025020282,Francis Charron|Cody Beach
2025020287,Corey Syvret|Michael Markovic
2025020323,Tom Chmielewski|Thomas John Luxmore
2025020322,Kelly Sutherland|Jordan Samuels-Thomas
2025020329,Trevor Hanson|Graedy Hamilton
2025020342,Chris Schlenker|Gord Dwyer
2025020359,Trevor Hanson|Michael Markovic
2025020362,Thomas John Luxmore|Stephen Hiff
2025020364,Francis Charron|Eric Furlatt
2025020395,Pierre Lambert|Jake Brenk
2025020410,Jon McIsaac|Justin Kea
2025020412,Garrett Rank|Cody Beach
2025020424,Jake Brenk|Justin Kea
2025020444,Garrett Rank|Kelly Sutherland
2025020468,Kyle Rehman|Mike Sullivan
2025020477,Graham Skilliter|Eric Furlatt
2025020479,Wes McCauley|Cody Beach
2025020488,Chris Lee|Justin Kea
2025020490,Chris Schlenker|Trevor Hanson
2025020502,Mitch Dunning|Peter MacDougall
2025020508,Kendrick Nicholson|Brandon Schrader
2025020511,Jon McIsaac|Justin Kea
2025020516,Tom Chmielewski|Michael Markovic
2025020538,Jon McIsaac|Garrett Rank
2025020535,Trevor Hanson|Michael Markovic
2025020547,Chris Schlenker|Cody Beach
2025020548,Graham Skilliter|Carter Sandlak
2025020554,Jon McIsaac|Michael Markovic
2025020557,Garrett Rank|Justin Kea
2025020558,Tom Chmielewski|Pierre Lambert
2025020573,Trevor Hanson|Alex Lepkowski
2025020575,Garrett Rank|Kendrick Nicholson
2025020581,Francis Charron|Francois St-Laurent
2025020582,Chris Lee|Stephen Hiff
2025020587,Trevor Hanson|Graham Skilliter
2025020603,Eric Furlatt|Brandon Blandina
2025020634,Kelly Sutherland|Frederick L'Ecuyer
2025020636,Corey Syvret|Brandon Blandina
2025020650,Gord Dwyer|Eric Furlatt
2025020652,Kendrick Nicholson|Brandon Blandina
2025020655,Chris Schlenker|Furman South
2025020663,Dan O'Rourke|Michael Markovic
2025020683,Kelly Sutherland|Tom Chmielewski
2025020692,Trevor Hanson|Kendrick Nicholson
2025020698,Francois St-Laurent|Alex Lepkowski
2025020699,Kyle Rehman|Carter Sandlak
2025020702,Jean Hebert|Michael Markovic
2025020708,Francis Charron|Cody Beach
2025020711,Kendrick Nicholson|Brandon Blandina
2025020716,Furman South|Justin Kea
2025020735,Graham Skilliter|Liam Maaskant
2025020738,Wes McCauley|Corey Syvret
2025020747,Tom Chmielewski|Graedy Hamilton
2025020748,Garrett Rank|Corey Syvret
2025020754,Kelly Sutherland|Jordan Samuels-Thomas
2025020757,Jean Hebert|Michael Markovic
2025020758,Francis Charron|Brandon Blandina
2025020773,Wes McCauley|Beau Halkidis
2025020775,Thomas John Luxmore|Justin Kea
2025020781,Wes McCauley|Beau Halkidis
2025020782,Jake Brenk|Mike Sullivan
2025020787,Jean Hebert|Stephen Hiff
2025020804,Gord Dwyer|Justin Kea
2025020806,Graham Skilliter|Brandon Schrader
2025020817,Chris Rooney|Frederick L'Ecuyer
2025020818,Graham Skilliter|Brandon Blandina
2025020819,Eric Furlatt|Michael Markovic
2025020827,Francis Charron|Kelly Sutherland
2025020843,Francis Charron|Francois St-Laurent
2025020865,Francis Charron|Kendrick Nicholson
2025020866,Frederick L'Ecuyer|Justin Kea
2025020870,Kyle Rehman|Morgan MacPhee
2025020885,Trevor Hanson|Carter Sandlak
2025020886,Chris Rooney|Brandon Schrader
2025020897,Gord Dwyer|Corey Syvret
2025020903,Jake Brenk|Mike Sullivan
2025020934,Kelly Sutherland|Gord Dwyer
2025020936,Francois St-Laurent|Justin Kea
2025020950,Pierre Lambert|Justin Kea
2025020952,Michael Markovic|Peter MacDougall
2025020955,Dan O'Rourke|Gord Dwyer
2025020963,Eric Furlatt|Brandon Blandina
2025020983,Mitch Dunning|Peter MacDougall
2025020992,Garrett Rank|Riley Brace
2025020998,Kyle Rehman|Brandon Schrader
2025020999,Kelly Sutherland|Graedy Hamilton
2025021002,Francois St-Laurent|Peter MacDougall
2025021008,Francis Charron|Michael Markovic
2025021011,Kyle Rehman|Corey Syvret
2025021016,Francois St-Laurent|Jean Hebert
2025021035,Wes McCauley|Chris Lee
2025021038,Chris Schlenker|Morgan MacPhee
2025021047,Jean Hebert|Justin Kea
2025021048,Furman South|Eric Furlatt
2025021054,Graham Skilliter|Peter MacDougall
2025021057,Corey Syvret|Brandon Blandina
2025021058,Furman South|Kendrick Nicholson
2025021073,Eric Furlatt|Morgan MacPhee
2025021075,Kyle Rehman|Beau Halkidis
2025021081,Eric Furlatt|Mike Sullivan
2025021082,Cody Beach|Corey Syvret
2025021087,Jon McIsaac|Jean Hebert
2025021115,Jon McIsaac|Chris Lee
2025021120,Chris Rooney|Stephen Hiff
2025021126,Kyle Rehman|Jordan Samuels-Thomas
2025021128,Tom Chmielewski|Brandon Blandina
2025021141,Chris Rooney|Brian Pochmara
2025021145,Mitch Dunning|Pierre Lambert
2025021146,Trevor Hanson|Jean Hebert
2025021156,Kyle Rehman|Michael Markovic
2025021174,Chris Schlenker|Justin Kea
2025021176,Wes McCauley|Thomas John Luxmore
2025021196,Cody Beach|Trevor Hanson
2025021204,Kyle Rehman|Brandon Schrader
2025021206,Kyle Rehman|Jordan Samuels-Thomas
2025021217,Kyle Rehman|Jordan Samuels-Thomas
2025021218,Jon McIsaac|Kendrick Nicholson
2025021219,Peter MacDougall|Morgan MacPhee
2025021227,Brian Pochmara|Graedy Hamilton
2025021243,Graham Skilliter|Jordan Samuels-Thomas
2025021265,Francois St-Laurent|Michael Markovic
2025021266,Jon McIsaac|Kendrick Nicholson
2025021270,Justin Kea|Morgan MacPhee
2025021285,Jon McIsaac|Alex Lepkowski
2025021286,Francois St-Laurent|Michael Markovic
2025021297,Tom Chmielewski|Corey Syvret
2024020005,Jean Hebert|Graham Skilliter
2024020021,Mitch Dunning|Kendrick Nicholson
2024020030,Wes McCauley|Francis Charron
2024020031,Brian Pochmara|Michael Markovic
2024020032,Francois St-Laurent|Furman South
2024020033,Thomas John Luxmore|Brandon Schrader
2024020037,Jean Hebert|Brandon Blandina
2024020039,Chris Rooney|Peter MacDougall
2024020040,Eric Furlatt|Kendrick Nicholson
2024020049,Jon McIsaac|Tom Chmielewski
2024020051,Trevor Hanson|Cody Beach
2024020053,Francis Charron|Brandon Blandina
2024020060,Kyle Rehman|Brandon Schrader
2024020061,Francois St-Laurent|Eric Furlatt
2024020067,Tom Chmielewski|Carter Sandlak
2024020069,Thomas John Luxmore|Steve Kozari
2024020071,Kyle Rehman|Corey Syvret
2024020078,Francis Charron|Brian Pochmara
2024020094,Kelly Sutherland|Morgan MacPhee
2024020103,Pierre Lambert|Cody Beach
2024020134,Tom Chmielewski|Graedy Hamilton
2024020136,Furman South|Kendrick Nicholson
2024020150,Ghislain Hebert|Eric Furlatt
2024020152,Frederick L'Ecuyer|Stephen Hiff
2024020155,Kelly Sutherland|Furman South
2024020163,Kelly Sutherland|Beau Halkidis
2024020183,Corey Syvret|Kendrick Nicholson
2024020192,Gord Dwyer|Cody Beach
2024020198,Ghislain Hebert|Michael Markovic
2024020199,Wes McCauley|Cody Beach
2024020222,Justin Kea|Peter MacDougall
2024020223,Trevor Hanson|Kendrick Nicholson
2024020229,Tom Chmielewski|Jordan Samuels-Thomas
2024020242,Frederick L'Ecuyer|Corey Syvret
2024020259,Thomas John Luxmore|Ghislain Hebert
2024020262,Trevor Hanson|Carter Sandlak
2024020264,Corey Syvret|Chris Lee
2024020295,Kyle Rehman|Frederick L'Ecuyer
2024020302,Brian Pochmara|Chris Lee
2024020308,Kyle Rehman|Brandon Blandina
2024020311,Chris Rooney|Corey Syvret
2024020316,Corey Syvret|Brandon Blandina
2024020335,Wes McCauley|Gord Dwyer
2024020338,Chris Lee|Carter Sandlak
2024020347,Peter MacDougall|Brandon Blandina
2024020348,Jon McIsaac|Eric Furlatt
2024020354,Furman South|Michael Markovic
2024020357,Ghislain Hebert|Riley Brace
2024020358,Tom Chmielewski|Cody Beach
2024020373,Garrett Rank|Gord Dwyer
2024020375,Tom Chmielewski|Brandon Schrader
2024020381,Wes McCauley|Michael Markovic
2024020382,Corey Syvret|Graham Skilliter
2024020387,Kyle Rehman|Tom Chmielewski
2024020415,Wes McCauley|Jordan Samuels-Thomas
2024020420,Eric Furlatt|Justin Kea
2024020426,Francois St-Laurent|Carter Sandlak
2024020428,Chris Rooney|Eric Furlatt
2024020441,Frederick L'Ecuyer|Brandon Blandina
2024020445,Kyle Rehman|Corey Syvret
2024020446,Tom Chmielewski|Mitch Dunning
2024020456,Chris Lee|Carter Sandlak
2024020474,Jean Hebert|Stephen Hiff
2024020476,Wes McCauley|Dan O'Rourke
2024020496,Chris Rooney|Brandon Blandina
2024020515,Eric Furlatt|Brandon Schrader
2024020520,Frederick L'Ecuyer|Steve Kozari
2024020526,Jon McIsaac|Michael Markovic
2024020528,Brian Pochmara|Gord Dwyer
2024020541,Jean Hebert|Kendrick Nicholson
2024020545,Chris Rooney|Peter MacDougall
2024020546,Eric Furlatt|Michael Markovic
2024020556,Graham Skilliter|Jordan Samuels-Thomas
2024020574,Mitch Dunning|Ghislain Hebert
2024020576,Chris Lee|Stephen Hiff
2024020596,Frederick L'Ecuyer|Graedy Hamilton
2024020615,Kyle Rehman|Brandon Blandina
2024020620,Wes McCauley|Francois St-Laurent
2024020626,Tom Chmielewski|Beau Halkidis
2024020628,Thomas John Luxmore|Mike Sullivan
2024020641,Wes McCauley|Chris Rooney
2024020645,Jake Brenk|Brandon Blandina
2024020646,Tom Chmielewski|Morgan MacPhee
2024020656,Tom Chmielewski|Corey Syvret
2024020674,Frederick L'Ecuyer|Jordan Samuels-Thomas
2024020676,Ghislain Hebert|Carter Sandlak
2024020696,Furman South|Thomas John Luxmore
2024020704,Chris Schlenker|Brandon Blandina
2024020706,Dan O'Rourke|Chris Lee
2024020717,Chris Schlenker|Trevor Hanson
2024020718,Kyle Rehman|Tom Chmielewski
2024020719,Graham Skilliter|Riley Brace
2024020727,Francois St-Laurent|Mike Sullivan
2024020743,Kyle Rehman|Stephen Hiff
2024020765,Ghislain Hebert|Corey Syvret
2024020766,Chris Rooney|Furman South
2024020770,Frederick L'Ecuyer|Brandon Schrader
2024020785,Mitch Dunning|Thomas John Luxmore
2024020786,Trevor Hanson|Tom Chmielewski
2024020797,Francois St-Laurent|Jean Hebert
2024020815,Kyle Rehman|Ghislain Hebert
2024020820,Chris Schlenker|Trevor Hanson
2024020826,Jean Hebert|Ghislain Hebert
2024020828,Garrett Rank|Michael Markovic
2024020841,Jake Brenk|Brandon Schrader
2024020845,Kelly Sutherland|Riley Brace
2024020846,Garrett Rank|Frederick L'Ecuyer
2024020856,Chris Schlenker|Brandon Schrader
2024020874,Garrett Rank|Michael Markovic
2024020876,Pierre Lambert|Peter MacDougall
2024020896,Mitch Dunning|Thomas John Luxmore
2024020904,Jon McIsaac|Justin Kea
2024020906,Francis Charron|Brian Pochmara
2024020917,Jon McIsaac|Jake Brenk
2024020918,Chris Rooney|Tom Chmielewski
2024020919,Ghislain Hebert|Kendrick Nicholson
2024020927,Francis Charron|Beau Halkidis
2024020943,Chris Schlenker|Garrett Rank
2024020965,Frederick L'Ecuyer|Brandon Schrader
2024020966,Wes McCauley|Thomas John Luxmore
2024020970,Mitch Dunning|Eric Furlatt
2024020985,Wes McCauley|Trevor Hanson
2024020986,Chris Schlenker|Peter MacDougall
2024020997,Francis Charron|Morgan MacPhee
2024021015,Francis Charron|Michael Markovic
2024021020,Francois St-Laurent|Stephen Hiff
2024021026,Brian Pochmara|Michael Markovic
2024021028,Furman South|Thomas John Luxmore
2024021041,Pierre Lambert|Kendrick Nicholson
2024021045,Frederick L'Ecuyer|Brandon Schrader
2024021046,Peter MacDougall|Brandon Blandina
2024021056,Wes McCauley|Francois St-Laurent
2024021074,Furman South|Peter MacDougall
2024021076,Brian Pochmara|Frederick L'Ecuyer
2024021096,Furman South|Morgan MacPhee
2024021115,Ghislain Hebert|Chris Lee
2024021120,Carter Sandlak|Peter MacDougall
2024021126,Wes McCauley|Michael Markovic
2024021128,Gord Dwyer|Brandon Schrader
2024021141,Garrett Rank|Francois St-Laurent
2024021145,Eric Furlatt|Justin Kea
2024021146,Frederick L'Ecuyer|Beau Halkidis
2024021156,Corey Syvret|Pierre Lambert
2024021174,Dan O'Rourke|Eric Furlatt
2024021176,Trevor Hanson|Brandon Schrader
2024021196,Kyle Rehman|Trevor Hanson
2024021215,Francois St-Laurent|Corey Syvret
2024021220,Eric Furlatt|Peter MacDougall
2024021226,Corey Syvret|Justin Kea
2024021228,Brian Pochmara|Gord Dwyer
2024021241,Dan O'Rourke|Brandon Schrader
2024021245,Jean Hebert|Brandon Blandina
2024021246,Chris Rooney|Mitch Dunning
2024021256,Jake Brenk|Kendrick Nicholson
2024021274,Kendrick Nicholson|Graedy Hamilton
2024021276,Gord Dwyer|Cody Beach
2024021296,Brian Pochmara|Corey Syvret
2023020002,Kelly Sutherland|Thomas John Luxmore
2023020008,Wes McCauley|Steve Kozari
2023020011,Kelly Sutherland|Justin Kea
2023020016,Gord Dwyer|Chris Lee
2023020035,Jon McIsaac|Frederick L'Ecuyer
2023020038,Francois St-Laurent|Eric Furlatt
2023020047,Graham Skilliter|Cody Beach
2023020048,Chris Schlenker|Kendrick Nicholson
2023020054,Frederick L'Ecuyer|Carter Sandlak
2023020057,Wes McCauley|Tom Chmielewski
2023020058,Trevor Hanson|Pierre Lambert
2023020073,Wes McCauley|Pierre Lambert
2023020075,Carter Sandlak|Kevin Pollock
2023020081,Francis Charron|Jake Brenk
2023020082,Furman South|Tom Chmielewski
2023020087,Thomas John Luxmore|Pierre Lambert
2023020115,Kyle Rehman|Mitch Dunning
2023020120,Ghislain Hebert|Kendrick Nicholson
2023020126,Thomas John Luxmore|Graham Skilliter
2023020128,Wes McCauley|Pierre Lambert
2023020141,Chris Schlenker|Steve Kozari
2023020146,Jake Brenk|Michael Markovic
2023020145,Wes McCauley|Francois St-Laurent
2023020156,Kevin Pollock|Brandon Schrader
2023020174,Frederick L'Ecuyer|Tom Chmielewski
2023020176,Dan O'Rourke|Thomas John Luxmore
2023020196,Francois St-Laurent|Gord Dwyer
2023020202,Ghislain Hebert|Brandon Schrader
2023020208,Frederick L'Ecuyer|Graham Skilliter
2023020211,Carter Sandlak|Kendrick Nicholson
2023020216,Gord Dwyer|Jordan Samuels-Thomas
2023020235,Garrett Rank|Francois St-Laurent
2023020238,Kevin Pollock|Brandon Blandina
2023020247,Dan O'Rourke|Furman South
2023020248,Tom Chmielewski|Justin Kea
2023020254,Jon McIsaac|Kendrick Nicholson
2023020257,Jean Hebert|Cody Beach
2023020258,Gord Dwyer|Brandon Schrader
2023020273,Eric Furlatt|Peter MacDougall
2023020275,Mitch Dunning|Thomas John Luxmore
2023020281,Brian Pochmara|Morgan MacPhee
2023020282,Thomas John Luxmore|Peter MacDougall
2023020287,Trevor Hanson|Carter Sandlak
2023020305,Kyle Rehman|Brandon Blandina
2023020321,Kelly Sutherland|Graham Skilliter
2023020330,Kelly Sutherland|Ghislain Hebert
2023020331,Kyle Rehman|Jordan Samuels-Thomas
2023020332,Chris Schlenker|Chris Rooney
2023020333,Wes McCauley|Brandon Schrader
2023020337,Wes McCauley|Garrett Rank
2023020339,Brian Pochmara|Jake Brenk
2023020340,Dan O'Rourke|Justin Kea
2023020349,Chris Rooney|Morgan MacPhee
2023020351,Francois St-Laurent|Peter MacDougall
2023020353,Jean Hebert|Michael Markovic
2023020360,Chris Schlenker|Ghislain Hebert
2023020361,Frederick L'Ecuyer|Cody Beach
2023020367,Chris Rooney|Peter MacDougall
2023020369,Wes McCauley|Morgan MacPhee
2023020371,Jon McIsaac|Brandon Schrader
2023020378,Kyle Rehman|Chris Lee
2023020394,Ghislain Hebert|Morgan MacPhee
2023020422,Peter MacDougall|Steve Kozari
2023020423,Chris Schlenker|Jake Brenk
2023020429,Ghislain Hebert|Chris Lee
2023020442,Ghislain Hebert|Jake Brenk
2023020459,Trevor Hanson|Jordan Samuels-Thomas
2023020462,Pierre Lambert|Peter MacDougall
2023020464,Mitch Dunning|Kevin Pollock
2023020495,Tom Chmielewski|Chris Lee
2023020502,Brian Pochmara|Cody Beach
2023020508,Corey Syvret|Brandon Schrader
2023020511,Jake Brenk|Beau Halkidis
2023020516,Jean Hebert|Frederick L'Ecuyer
2023020535,Wes McCauley|Brandon Blandina
2023020538,Eric Furlatt|Morgan MacPhee
2023020547,Eric Furlatt|Carter Sandlak
2023020548,Kevin Pollock|Brandon Blandina
2023020554,Chris Schlenker|Graham Skilliter
2023020557,Brian Pochmara|Carter Sandlak
2023020558,Kelly Sutherland|Kendrick Nicholson
2023020573,Dan O'Rourke|Graham Skilliter
2023020575,Kelly Sutherland|Justin Kea
2023020581,Jake Brenk|Jordan Samuels-Thomas
2023020582,Jon McIsaac|Michael Markovic
2023020587,Kelly Sutherland|Brandon Blandina
2023020610,Graham Skilliter|Pierre Lambert
2023020612,Furman South|Brian Pochmara
2023020624,Dan O'Rourke|Thomas John Luxmore
2023020644,Furman South|Tom Chmielewski
2023020668,Chris Rooney|Graham Skilliter
2023020677,Dan O'Rourke|Brandon Blandina
2023020679,Frederick L'Ecuyer|Carter Sandlak
2023020688,Chris Lee|Steve Kozari
2023020690,Kelly Sutherland|Carter Sandlak
2023020700,Trevor Hanson|Justin Kea
2023020701,Tom Chmielewski|Brandon Schrader
2023020707,Francois St-Laurent|Ghislain Hebert
2023020709,Furman South|Pierre Lambert
2023020713,Wes McCauley|Mitch Dunning
2023020714,Trevor Hanson|Brandon Blandina
2023020725,Brian Pochmara|Frederick L'Ecuyer
2023020772,Corey Syvret|Michael Markovic
2023020780,Chris Schlenker|Tom Chmielewski
2023020784,Eric Furlatt|Brandon Blandina
2023020789,Chris Rooney|Jean Hebert
2023020791,Trevor Hanson|Steve Kozari
2023020793,Francois St-Laurent|Frederick L'Ecuyer
2023020800,Corey Syvret|Kevin Pollock
2023020801,Francois St-Laurent|Tom Chmielewski
2023020807,Wes McCauley|Kendrick Nicholson
2023020809,Furman South|Brian Pochmara
2023020813,Jean Hebert|Brandon Schrader
2023020814,Chris Schlenker|Chris Lee
2023020825,Dan O'Rourke|Kendrick Nicholson
2023020872,Graham Skilliter|Eric Furlatt
2023020880,Graham Skilliter|Pierre Lambert
2023020884,Kelly Sutherland|Ghislain Hebert
2023020889,Jon McIsaac|Mitch Dunning
2023020891,Francois St-Laurent|Michael Markovic
2023020893,Thomas John Luxmore|Carter Sandlak
2023020904,Jon McIsaac|Justin Kea
2023020906,Jean Hebert|Brian Pochmara
2023020917,Garrett Rank|Kelly Sutherland
2023020918,Kyle Rehman|Jordan Samuels-Thomas
2023020919,Chris Schlenker|Chris Lee
2023020927,Kyle Rehman|Jordan Samuels-Thomas
2023020943,Kyle Rehman|Corey Syvret
2023020965,Kelly Sutherland|Corey Syvret
2023020966,Wes McCauley|Furman South
2023020970,Trevor Hanson|Graham Skilliter
2023020985,Trevor Hanson|Brian Pochmara
2023020986,Francis Charron|Garrett Rank
2023020997,Kendrick Nicholson|Brandon Blandina
2023021015,Graham Skilliter|Michael Markovic
2023021020,Dan O'Rourke|Eric Furlatt
2023021026,Kyle Rehman|Michael Markovic
2023021028,Garrett Rank|Carter Sandlak
2023021041,Francis Charron|Tom Chmielewski
2023021045,Dan O'Rourke|Justin Kea
2023021046,Garrett Rank|Thomas John Luxmore
2023021056,Kyle Rehman|Michael Markovic
2023021074,Trevor Hanson|Ghislain Hebert
2023021076,Furman South|Brandon Schrader
2023021096,Furman South|Chris Lee
2023021122,Chris Schlenker|Jordan Samuels-Thomas
2023021123,Francis Charron|Trevor Hanson
2023021129,Mitch Dunning|Steve Kozari
2023021142,Jon McIsaac|Brandon Blandina
2023021159,Tom Chmielewski|Corey Syvret
2023021162,Trevor Hanson|Chris Lee
2023021164,Wes McCauley|Brandon Schrader
2023021195,Chris Lee|Justin Kea
2023021201,Jon McIsaac|Pierre Lambert
2023021200,Carter Sandlak|Jordan Samuels-Thomas
2023021207,Chris Schlenker|Kendrick Nicholson
2023021209,Garrett Rank|Frederick L'Ecuyer
2023021213,Kendrick Nicholson|Brandon Blandina
2023021214,Graham Skilliter|Michael Markovic
2023021225,Francis Charron|Jean Hebert
2023021272,Gord Dwyer|Chris Lee
2023021280,Garrett Rank|Corey Syvret
2023021284,Graham Skilliter|Chris Lee
2023021289,Frederick L'Ecuyer|Gord Dwyer
2023021291,Francis Charron|Jean Hebert
2023021293,Chris Schlenker|Corey Syvret
2023021310,Frederick L'Ecuyer|Graedy Hamilton
2023021312,Chris Schlenker|Trevor Hanson
